"capture_index","matrix_round","valid_for_matrix","port","placement","t_seconds","seq","heart_rate","spo2","confidence","flags_hex","flag_hr_valid","flag_spo2_valid","flag_artifact","stable_segment","clean_hr","clean_spo2","target_false_lock_98_114","bad_valid_spo2_lt90","raw_line"
"1","1","True","COM6","RIGHT_THUMB_NORMAL","0.6","0","0","0","0","0x00","0","0","0","0","0","0","0","0","FRAME T=0.6s HR=0 SpO2=0 conf=0 flags=0x00 seq=0"
"1","1","True","COM6","RIGHT_THUMB_NORMAL","6.6","1","0","0","0","0x00","0","0","0","0","0","0","0","0","FRAME T=6.6s HR=0 SpO2=0 conf=0 flags=0x00 seq=1"
"1","1","True","COM6","RIGHT_THUMB_NORMAL","10.6","2","0","0","0","0x00","0","0","0","0","0","0","0","0","FRAME T=10.6s HR=0 SpO2=0 conf=0 flags=0x00 seq=2"
"1","1","True","COM6","RIGHT_THUMB_NORMAL","15.7","3","0","0","70","0x00","0","0","0","0","0","0","0","0","FRAME T=15.7s HR=0 SpO2=0 conf=70 flags=0x00 seq=3"
"1","1","True","COM6","RIGHT_THUMB_NORMAL","20.8","4","0","0","60","0x00","0","0","0","0","0","0","0","0","FRAME T=20.8s HR=0 SpO2=0 conf=60 flags=0x00 seq=4"
"1","1","True","COM6","RIGHT_THUMB_NORMAL","25.8","5","68","99","70","0x03","1","1","0","0","0","0","0","0","FRAME T=25.8s HR=68 SpO2=99 conf=70 flags=0x03 seq=5"
"1","1","True","COM6","RIGHT_THUMB_NORMAL","30.9","6","68","0","40","0x05","1","0","1","0","0","0","0","0","FRAME T=30.9s HR=68 SpO2=0 conf=40 flags=0x05 seq=6"
"1","1","True","COM6","RIGHT_THUMB_NORMAL","36","7","68","0","40","0x05","1","0","1","0","0","0","0","0","FRAME T=36.0s HR=68 SpO2=0 conf=40 flags=0x05 seq=7"
"1","1","True","COM6","RIGHT_THUMB_NORMAL","41.1","8","68","0","40","0x05","1","0","1","0","0","0","0","0","FRAME T=41.1s HR=68 SpO2=0 conf=40 flags=0x05 seq=8"
"1","1","True","COM6","RIGHT_THUMB_NORMAL","46.1","9","68","0","40","0x05","1","0","1","1","0","0","0","0","FRAME T=46.1s HR=68 SpO2=0 conf=40 flags=0x05 seq=9"
"1","1","True","COM6","RIGHT_THUMB_NORMAL","51.2","10","73","95","70","0x03","1","1","0","1","1","1","0","0","FRAME T=51.2s HR=73 SpO2=95 conf=70 flags=0x03 seq=10"
"1","1","True","COM6","RIGHT_THUMB_NORMAL","56.3","11","73","0","40","0x05","1","0","1","1","0","0","0","0","FRAME T=56.3s HR=73 SpO2=0 conf=40 flags=0x05 seq=11"
"1","1","True","COM6","RIGHT_THUMB_NORMAL","61.3","12","73","99","70","0x03","1","1","0","1","1","1","0","0","FRAME T=61.3s HR=73 SpO2=99 conf=70 flags=0x03 seq=12"
"1","1","True","COM6","RIGHT_THUMB_NORMAL","66.4","13","73","0","40","0x05","1","0","1","1","0","0","0","0","FRAME T=66.4s HR=73 SpO2=0 conf=40 flags=0x05 seq=13"
"1","1","True","COM6","RIGHT_THUMB_NORMAL","71.5","14","73","0","40","0x05","1","0","1","1","0","0","0","0","FRAME T=71.5s HR=73 SpO2=0 conf=40 flags=0x05 seq=14"
"1","1","True","COM6","RIGHT_THUMB_NORMAL","76.6","15","73","99","85","0x03","1","1","0","1","1","1","0","0","FRAME T=76.6s HR=73 SpO2=99 conf=85 flags=0x03 seq=15"
"1","1","True","COM6","RIGHT_THUMB_NORMAL","81.6","16","68","99","70","0x03","1","1","0","1","1","1","0","0","FRAME T=81.6s HR=68 SpO2=99 conf=70 flags=0x03 seq=16"
"1","1","True","COM6","RIGHT_THUMB_NORMAL","86.7","17","68","99","70","0x03","1","1","0","1","1","1","0","0","FRAME T=86.7s HR=68 SpO2=99 conf=70 flags=0x03 seq=17"
"1","1","True","COM6","RIGHT_THUMB_NORMAL","91.8","18","69","99","70","0x03","1","1","0","1","1","1","0","0","FRAME T=91.8s HR=69 SpO2=99 conf=70 flags=0x03 seq=18"
"1","1","True","COM6","RIGHT_THUMB_NORMAL","96.8","19","71","100","85","0x03","1","1","0","1","1","1","0","0","FRAME T=96.8s HR=71 SpO2=100 conf=85 flags=0x03 seq=19"
"1","1","True","COM6","RIGHT_THUMB_NORMAL","101.9","20","71","0","85","0x01","1","0","0","1","1","0","0","0","FRAME T=101.9s HR=71 SpO2=0 conf=85 flags=0x01 seq=20"
"1","1","True","COM6","RIGHT_THUMB_NORMAL","107","21","71","0","40","0x05","1","0","1","1","0","0","0","0","FRAME T=107.0s HR=71 SpO2=0 conf=40 flags=0x05 seq=21"
"2","2","True","COM7","RIGHT_THUMB_NORMAL","0.6","0","0","0","0","0x00","0","0","0","0","0","0","0","0","FRAME T=0.6s HR=0 SpO2=0 conf=0 flags=0x00 seq=0"
"2","2","True","COM7","RIGHT_THUMB_NORMAL","10","1","0","0","0","0x00","0","0","0","0","0","0","0","0","FRAME T=10.0s HR=0 SpO2=0 conf=0 flags=0x00 seq=1"
"2","2","True","COM7","RIGHT_THUMB_NORMAL","10.6","2","0","0","0","0x00","0","0","0","0","0","0","0","0","FRAME T=10.6s HR=0 SpO2=0 conf=0 flags=0x00 seq=2"
"2","2","True","COM7","RIGHT_THUMB_NORMAL","15.6","3","0","0","60","0x00","0","0","0","0","0","0","0","0","FRAME T=15.6s HR=0 SpO2=0 conf=60 flags=0x00 seq=3"
"2","2","True","COM7","RIGHT_THUMB_NORMAL","20.7","4","0","0","60","0x00","0","0","0","0","0","0","0","0","FRAME T=20.7s HR=0 SpO2=0 conf=60 flags=0x00 seq=4"
"2","2","True","COM7","RIGHT_THUMB_NORMAL","25.7","5","0","0","60","0x00","0","0","0","0","0","0","0","0","FRAME T=25.7s HR=0 SpO2=0 conf=60 flags=0x00 seq=5"
"2","2","True","COM7","RIGHT_THUMB_NORMAL","30.8","6","0","0","70","0x00","0","0","0","0","0","0","0","0","FRAME T=30.8s HR=0 SpO2=0 conf=70 flags=0x00 seq=6"
"2","2","True","COM7","RIGHT_THUMB_NORMAL","35.9","7","70","0","85","0x01","1","0","0","0","0","0","0","0","FRAME T=35.9s HR=70 SpO2=0 conf=85 flags=0x01 seq=7"
"2","2","True","COM7","RIGHT_THUMB_NORMAL","40.9","8","70","0","40","0x05","1","0","1","0","0","0","0","0","FRAME T=40.9s HR=70 SpO2=0 conf=40 flags=0x05 seq=8"
"2","2","True","COM7","RIGHT_THUMB_NORMAL","46","9","70","0","40","0x05","1","0","1","1","0","0","0","0","FRAME T=46.0s HR=70 SpO2=0 conf=40 flags=0x05 seq=9"
"2","2","True","COM7","RIGHT_THUMB_NORMAL","51.1","10","70","0","40","0x05","1","0","1","1","0","0","0","0","FRAME T=51.1s HR=70 SpO2=0 conf=40 flags=0x05 seq=10"
"2","2","True","COM7","RIGHT_THUMB_NORMAL","56.1","11","67","99","95","0x03","1","1","0","1","1","1","0","0","FRAME T=56.1s HR=67 SpO2=99 conf=95 flags=0x03 seq=11"
"2","2","True","COM7","RIGHT_THUMB_NORMAL","61.2","12","70","99","70","0x03","1","1","0","1","1","1","0","0","FRAME T=61.2s HR=70 SpO2=99 conf=70 flags=0x03 seq=12"
"2","2","True","COM7","RIGHT_THUMB_NORMAL","66.2","13","76","100","70","0x03","1","1","0","1","1","1","0","0","FRAME T=66.2s HR=76 SpO2=100 conf=70 flags=0x03 seq=13"
"2","2","True","COM7","RIGHT_THUMB_NORMAL","71.3","14","76","0","40","0x05","1","0","1","1","0","0","0","0","FRAME T=71.3s HR=76 SpO2=0 conf=40 flags=0x05 seq=14"
"2","2","True","COM7","RIGHT_THUMB_NORMAL","76.3","15","76","0","40","0x05","1","0","1","1","0","0","0","0","FRAME T=76.3s HR=76 SpO2=0 conf=40 flags=0x05 seq=15"
"2","2","True","COM7","RIGHT_THUMB_NORMAL","81.4","16","76","99","70","0x03","1","1","0","1","1","1","0","0","FRAME T=81.4s HR=76 SpO2=99 conf=70 flags=0x03 seq=16"
"2","2","True","COM7","RIGHT_THUMB_NORMAL","86.5","17","70","100","70","0x03","1","1","0","1","1","1","0","0","FRAME T=86.5s HR=70 SpO2=100 conf=70 flags=0x03 seq=17"
"2","2","True","COM7","RIGHT_THUMB_NORMAL","91.5","18","70","0","40","0x05","1","0","1","1","0","0","0","0","FRAME T=91.5s HR=70 SpO2=0 conf=40 flags=0x05 seq=18"
"2","2","True","COM7","RIGHT_THUMB_NORMAL","96.6","19","70","99","70","0x03","1","1","0","1","1","1","0","0","FRAME T=96.6s HR=70 SpO2=99 conf=70 flags=0x03 seq=19"
"2","2","True","COM7","RIGHT_THUMB_NORMAL","101.6","20","70","99","70","0x03","1","1","0","1","1","1","0","0","FRAME T=101.6s HR=70 SpO2=99 conf=70 flags=0x03 seq=20"
"2","2","True","COM7","RIGHT_THUMB_NORMAL","106.7","21","70","99","70","0x03","1","1","0","1","1","1","0","0","FRAME T=106.7s HR=70 SpO2=99 conf=70 flags=0x03 seq=21"
"3","0","False","COM6","LEFT_THUMB_NOT_RESET_ABORTED","0.6","123","68","99","70","0x03","1","1","0","0","0","0","0","0","FRAME T=0.6s HR=68 SpO2=99 conf=70 flags=0x03 seq=123"
"3","0","False","COM6","LEFT_THUMB_NOT_RESET_ABORTED","5.7","124","68","0","40","0x05","1","0","1","0","0","0","0","0","FRAME T=5.7s HR=68 SpO2=0 conf=40 flags=0x05 seq=124"
"3","0","False","COM6","LEFT_THUMB_NOT_RESET_ABORTED","10.8","125","68","0","40","0x05","1","0","1","0","0","0","0","0","FRAME T=10.8s HR=68 SpO2=0 conf=40 flags=0x05 seq=125"
"3","0","False","COM6","LEFT_THUMB_NOT_RESET_ABORTED","15.8","126","68","99","85","0x03","1","1","0","0","0","0","0","0","FRAME T=15.8s HR=68 SpO2=99 conf=85 flags=0x03 seq=126"
"3","0","False","COM6","LEFT_THUMB_NOT_RESET_ABORTED","20.9","127","67","99","95","0x03","1","1","0","0","0","0","0","0","FRAME T=20.9s HR=67 SpO2=99 conf=95 flags=0x03 seq=127"
"3","0","False","COM6","LEFT_THUMB_NOT_RESET_ABORTED","26","128","67","99","70","0x03","1","1","0","0","0","0","0","0","FRAME T=26.0s HR=67 SpO2=99 conf=70 flags=0x03 seq=128"
"3","0","False","COM6","LEFT_THUMB_NOT_RESET_ABORTED","31.1","129","70","99","85","0x03","1","1","0","0","0","0","0","0","FRAME T=31.1s HR=70 SpO2=99 conf=85 flags=0x03 seq=129"
"3","0","False","COM6","LEFT_THUMB_NOT_RESET_ABORTED","36.2","130","70","0","40","0x05","1","0","1","0","0","0","0","0","FRAME T=36.2s HR=70 SpO2=0 conf=40 flags=0x05 seq=130"
"3","0","False","COM6","LEFT_THUMB_NOT_RESET_ABORTED","41.2","131","70","0","40","0x05","1","0","1","0","0","0","0","0","FRAME T=41.2s HR=70 SpO2=0 conf=40 flags=0x05 seq=131"
"4","3","True","COM6","LEFT_THUMB_NORMAL","4.6","1","0","0","0","0x00","0","0","0","0","0","0","0","0","FRAME T=4.6s HR=0 SpO2=0 conf=0 flags=0x00 seq=1"
"4","3","True","COM6","LEFT_THUMB_NORMAL","9.4","2","0","0","0","0x00","0","0","0","0","0","0","0","0","FRAME T=9.4s HR=0 SpO2=0 conf=0 flags=0x00 seq=2"
"4","3","True","COM6","LEFT_THUMB_NORMAL","14.5","3","0","0","70","0x00","0","0","0","0","0","0","0","0","FRAME T=14.5s HR=0 SpO2=0 conf=70 flags=0x00 seq=3"
"4","3","True","COM6","LEFT_THUMB_NORMAL","19.6","4","0","0","60","0x00","0","0","0","0","0","0","0","0","FRAME T=19.6s HR=0 SpO2=0 conf=60 flags=0x00 seq=4"
"4","3","True","COM6","LEFT_THUMB_NORMAL","24.7","5","0","0","60","0x00","0","0","0","0","0","0","0","0","FRAME T=24.7s HR=0 SpO2=0 conf=60 flags=0x00 seq=5"
"4","3","True","COM6","LEFT_THUMB_NORMAL","29.7","6","0","0","60","0x00","0","0","0","0","0","0","0","0","FRAME T=29.7s HR=0 SpO2=0 conf=60 flags=0x00 seq=6"
"4","3","True","COM6","LEFT_THUMB_NORMAL","34.8","7","0","0","60","0x00","0","0","0","0","0","0","0","0","FRAME T=34.8s HR=0 SpO2=0 conf=60 flags=0x00 seq=7"
"4","3","True","COM6","LEFT_THUMB_NORMAL","39.9","8","0","0","60","0x00","0","0","0","0","0","0","0","0","FRAME T=39.9s HR=0 SpO2=0 conf=60 flags=0x00 seq=8"
"4","3","True","COM6","LEFT_THUMB_NORMAL","44.9","9","0","0","60","0x00","0","0","0","0","0","0","0","0","FRAME T=44.9s HR=0 SpO2=0 conf=60 flags=0x00 seq=9"
"4","3","True","COM6","LEFT_THUMB_NORMAL","50","10","0","0","60","0x00","0","0","0","1","0","0","0","0","FRAME T=50.0s HR=0 SpO2=0 conf=60 flags=0x00 seq=10"
"4","3","True","COM6","LEFT_THUMB_NORMAL","55.1","11","0","0","60","0x00","0","0","0","1","0","0","0","0","FRAME T=55.1s HR=0 SpO2=0 conf=60 flags=0x00 seq=11"
"4","3","True","COM6","LEFT_THUMB_NORMAL","60.2","12","73","99","70","0x03","1","1","0","1","1","1","0","0","FRAME T=60.2s HR=73 SpO2=99 conf=70 flags=0x03 seq=12"
"4","3","True","COM6","LEFT_THUMB_NORMAL","65.2","13","73","0","40","0x05","1","0","1","1","0","0","0","0","FRAME T=65.2s HR=73 SpO2=0 conf=40 flags=0x05 seq=13"
"4","3","True","COM6","LEFT_THUMB_NORMAL","70.3","14","73","0","40","0x05","1","0","1","1","0","0","0","0","FRAME T=70.3s HR=73 SpO2=0 conf=40 flags=0x05 seq=14"
"4","3","True","COM6","LEFT_THUMB_NORMAL","75.4","15","73","0","40","0x05","1","0","1","1","0","0","0","0","FRAME T=75.4s HR=73 SpO2=0 conf=40 flags=0x05 seq=15"
"4","3","True","COM6","LEFT_THUMB_NORMAL","80.4","16","70","99","70","0x03","1","1","0","1","1","1","0","0","FRAME T=80.4s HR=70 SpO2=99 conf=70 flags=0x03 seq=16"
"4","3","True","COM6","LEFT_THUMB_NORMAL","85.5","17","70","0","40","0x05","1","0","1","1","0","0","0","0","FRAME T=85.5s HR=70 SpO2=0 conf=40 flags=0x05 seq=17"
"4","3","True","COM6","LEFT_THUMB_NORMAL","90.6","18","70","0","40","0x05","1","0","1","1","0","0","0","0","FRAME T=90.6s HR=70 SpO2=0 conf=40 flags=0x05 seq=18"
"4","3","True","COM6","LEFT_THUMB_NORMAL","95.7","19","70","0","40","0x05","1","0","1","1","0","0","0","0","FRAME T=95.7s HR=70 SpO2=0 conf=40 flags=0x05 seq=19"
"4","3","True","COM6","LEFT_THUMB_NORMAL","100.7","20","70","0","40","0x05","1","0","1","1","0","0","0","0","FRAME T=100.7s HR=70 SpO2=0 conf=40 flags=0x05 seq=20"
"4","3","True","COM6","LEFT_THUMB_NORMAL","105.8","21","70","0","40","0x05","1","0","1","1","0","0","0","0","FRAME T=105.8s HR=70 SpO2=0 conf=40 flags=0x05 seq=21"
"5","4","True","COM7","LEFT_THUMB_NORMAL","9.4","1","0","0","0","0x00","0","0","0","0","0","0","0","0","FRAME T=9.4s HR=0 SpO2=0 conf=0 flags=0x00 seq=1"
"5","4","True","COM7","LEFT_THUMB_NORMAL","9.9","2","0","0","0","0x00","0","0","0","0","0","0","0","0","FRAME T=9.9s HR=0 SpO2=0 conf=0 flags=0x00 seq=2"
"5","4","True","COM7","LEFT_THUMB_NORMAL","15","3","0","0","70","0x00","0","0","0","0","0","0","0","0","FRAME T=15.0s HR=0 SpO2=0 conf=70 flags=0x00 seq=3"
"5","4","True","COM7","LEFT_THUMB_NORMAL","20","4","70","100","70","0x03","1","1","0","0","0","0","0","0","FRAME T=20.0s HR=70 SpO2=100 conf=70 flags=0x03 seq=4"
"5","4","True","COM7","LEFT_THUMB_NORMAL","25.1","5","70","0","40","0x05","1","0","1","0","0","0","0","0","FRAME T=25.1s HR=70 SpO2=0 conf=40 flags=0x05 seq=5"
"5","4","True","COM7","LEFT_THUMB_NORMAL","30.1","6","70","0","40","0x05","1","0","1","0","0","0","0","0","FRAME T=30.1s HR=70 SpO2=0 conf=40 flags=0x05 seq=6"
"5","4","True","COM7","LEFT_THUMB_NORMAL","35.2","7","70","0","40","0x05","1","0","1","0","0","0","0","0","FRAME T=35.2s HR=70 SpO2=0 conf=40 flags=0x05 seq=7"
"5","4","True","COM7","LEFT_THUMB_NORMAL","40.3","8","72","99","70","0x03","1","1","0","0","0","0","0","0","FRAME T=40.3s HR=72 SpO2=99 conf=70 flags=0x03 seq=8"
"5","4","True","COM7","LEFT_THUMB_NORMAL","45.3","9","71","0","95","0x01","1","0","0","1","1","0","0","0","FRAME T=45.3s HR=71 SpO2=0 conf=95 flags=0x01 seq=9"
"5","4","True","COM7","LEFT_THUMB_NORMAL","50.4","10","71","0","40","0x05","1","0","1","1","0","0","0","0","FRAME T=50.4s HR=71 SpO2=0 conf=40 flags=0x05 seq=10"
"5","4","True","COM7","LEFT_THUMB_NORMAL","55.4","11","71","100","70","0x03","1","1","0","1","1","1","0","0","FRAME T=55.4s HR=71 SpO2=100 conf=70 flags=0x03 seq=11"
"5","4","True","COM7","LEFT_THUMB_NORMAL","60.5","12","71","0","40","0x05","1","0","1","1","0","0","0","0","FRAME T=60.5s HR=71 SpO2=0 conf=40 flags=0x05 seq=12"
"5","4","True","COM7","LEFT_THUMB_NORMAL","65.6","13","69","99","70","0x03","1","1","0","1","1","1","0","0","FRAME T=65.6s HR=69 SpO2=99 conf=70 flags=0x03 seq=13"
"5","4","True","COM7","LEFT_THUMB_NORMAL","70.6","14","69","0","40","0x05","1","0","1","1","0","0","0","0","FRAME T=70.6s HR=69 SpO2=0 conf=40 flags=0x05 seq=14"
"5","4","True","COM7","LEFT_THUMB_NORMAL","75.7","15","69","98","95","0x03","1","1","0","1","1","1","0","0","FRAME T=75.7s HR=69 SpO2=98 conf=95 flags=0x03 seq=15"
"5","4","True","COM7","LEFT_THUMB_NORMAL","80.7","16","70","100","95","0x03","1","1","0","1","1","1","0","0","FRAME T=80.7s HR=70 SpO2=100 conf=95 flags=0x03 seq=16"
"5","4","True","COM7","LEFT_THUMB_NORMAL","85.8","17","70","0","95","0x01","1","0","0","1","1","0","0","0","FRAME T=85.8s HR=70 SpO2=0 conf=95 flags=0x01 seq=17"
"5","4","True","COM7","LEFT_THUMB_NORMAL","90.9","18","70","0","40","0x05","1","0","1","1","0","0","0","0","FRAME T=90.9s HR=70 SpO2=0 conf=40 flags=0x05 seq=18"
"5","4","True","COM7","LEFT_THUMB_NORMAL","95.9","19","70","100","85","0x03","1","1","0","1","1","1","0","0","FRAME T=95.9s HR=70 SpO2=100 conf=85 flags=0x03 seq=19"
"5","4","True","COM7","LEFT_THUMB_NORMAL","101","20","70","0","40","0x05","1","0","1","1","0","0","0","0","FRAME T=101.0s HR=70 SpO2=0 conf=40 flags=0x05 seq=20"
"5","4","True","COM7","LEFT_THUMB_NORMAL","106","21","70","0","40","0x05","1","0","1","1","0","0","0","0","FRAME T=106.0s HR=70 SpO2=0 conf=40 flags=0x05 seq=21"
"6","5","True","COM6","RIGHT_THUMB_LIGHT_CONTACT","5.1","1","0","0","0","0x00","0","0","0","0","0","0","0","0","FRAME T=5.1s HR=0 SpO2=0 conf=0 flags=0x00 seq=1"
"6","5","True","COM6","RIGHT_THUMB_LIGHT_CONTACT","9.9","2","0","0","0","0x00","0","0","0","0","0","0","0","0","FRAME T=9.9s HR=0 SpO2=0 conf=0 flags=0x00 seq=2"
"6","5","True","COM6","RIGHT_THUMB_LIGHT_CONTACT","15","3","0","0","60","0x00","0","0","0","0","0","0","0","0","FRAME T=15.0s HR=0 SpO2=0 conf=60 flags=0x00 seq=3"
"6","5","True","COM6","RIGHT_THUMB_LIGHT_CONTACT","20.1","4","0","0","60","0x00","0","0","0","0","0","0","0","0","FRAME T=20.1s HR=0 SpO2=0 conf=60 flags=0x00 seq=4"
"6","5","True","COM6","RIGHT_THUMB_LIGHT_CONTACT","25.2","5","0","0","60","0x00","0","0","0","0","0","0","0","0","FRAME T=25.2s HR=0 SpO2=0 conf=60 flags=0x00 seq=5"
"6","5","True","COM6","RIGHT_THUMB_LIGHT_CONTACT","30.2","6","0","0","70","0x00","0","0","0","0","0","0","0","0","FRAME T=30.2s HR=0 SpO2=0 conf=70 flags=0x00 seq=6"
"6","5","True","COM6","RIGHT_THUMB_LIGHT_CONTACT","35.3","7","74","99","85","0x03","1","1","0","0","0","0","0","0","FRAME T=35.3s HR=74 SpO2=99 conf=85 flags=0x03 seq=7"
"6","5","True","COM6","RIGHT_THUMB_LIGHT_CONTACT","40.4","8","65","99","70","0x03","1","1","0","0","0","0","0","0","FRAME T=40.4s HR=65 SpO2=99 conf=70 flags=0x03 seq=8"
"6","5","True","COM6","RIGHT_THUMB_LIGHT_CONTACT","45.4","9","68","0","85","0x01","1","0","0","1","1","0","0","0","FRAME T=45.4s HR=68 SpO2=0 conf=85 flags=0x01 seq=9"
"6","5","True","COM6","RIGHT_THUMB_LIGHT_CONTACT","50.5","10","68","99","70","0x03","1","1","0","1","1","1","0","0","FRAME T=50.5s HR=68 SpO2=99 conf=70 flags=0x03 seq=10"
"6","5","True","COM6","RIGHT_THUMB_LIGHT_CONTACT","55.6","11","71","99","70","0x03","1","1","0","1","1","1","0","0","FRAME T=55.6s HR=71 SpO2=99 conf=70 flags=0x03 seq=11"
"6","5","True","COM6","RIGHT_THUMB_LIGHT_CONTACT","60.7","12","71","0","40","0x05","1","0","1","1","0","0","0","0","FRAME T=60.7s HR=71 SpO2=0 conf=40 flags=0x05 seq=12"
"6","5","True","COM6","RIGHT_THUMB_LIGHT_CONTACT","65.7","13","71","100","85","0x03","1","1","0","1","1","1","0","0","FRAME T=65.7s HR=71 SpO2=100 conf=85 flags=0x03 seq=13"
"6","5","True","COM6","RIGHT_THUMB_LIGHT_CONTACT","70.8","14","71","0","40","0x05","1","0","1","1","0","0","0","0","FRAME T=70.8s HR=71 SpO2=0 conf=40 flags=0x05 seq=14"
"6","5","True","COM6","RIGHT_THUMB_LIGHT_CONTACT","75.9","15","71","0","40","0x05","1","0","1","1","0","0","0","0","FRAME T=75.9s HR=71 SpO2=0 conf=40 flags=0x05 seq=15"
"6","5","True","COM6","RIGHT_THUMB_LIGHT_CONTACT","81","16","71","99","85","0x03","1","1","0","1","1","1","0","0","FRAME T=81.0s HR=71 SpO2=99 conf=85 flags=0x03 seq=16"
"6","5","True","COM6","RIGHT_THUMB_LIGHT_CONTACT","86","17","71","0","40","0x05","1","0","1","1","0","0","0","0","FRAME T=86.0s HR=71 SpO2=0 conf=40 flags=0x05 seq=17"
"6","5","True","COM6","RIGHT_THUMB_LIGHT_CONTACT","91.1","18","71","0","40","0x05","1","0","1","1","0","0","0","0","FRAME T=91.1s HR=71 SpO2=0 conf=40 flags=0x05 seq=18"
"6","5","True","COM6","RIGHT_THUMB_LIGHT_CONTACT","96.2","19","71","0","40","0x05","1","0","1","1","0","0","0","0","FRAME T=96.2s HR=71 SpO2=0 conf=40 flags=0x05 seq=19"
"6","5","True","COM6","RIGHT_THUMB_LIGHT_CONTACT","101.2","20","71","99","85","0x03","1","1","0","1","1","1","0","0","FRAME T=101.2s HR=71 SpO2=99 conf=85 flags=0x03 seq=20"
"6","5","True","COM6","RIGHT_THUMB_LIGHT_CONTACT","106.3","21","71","100","70","0x03","1","1","0","1","1","1","0","0","FRAME T=106.3s HR=71 SpO2=100 conf=70 flags=0x03 seq=21"
"7","6","True","COM7","RIGHT_THUMB_LIGHT_CONTACT","9.3","1","0","0","0","0x00","0","0","0","0","0","0","0","0","FRAME T=9.3s HR=0 SpO2=0 conf=0 flags=0x00 seq=1"
"7","6","True","COM7","RIGHT_THUMB_LIGHT_CONTACT","9.9","2","0","0","0","0x00","0","0","0","0","0","0","0","0","FRAME T=9.9s HR=0 SpO2=0 conf=0 flags=0x00 seq=2"
"7","6","True","COM7","RIGHT_THUMB_LIGHT_CONTACT","14.9","3","0","0","60","0x00","0","0","0","0","0","0","0","0","FRAME T=14.9s HR=0 SpO2=0 conf=60 flags=0x00 seq=3"
"7","6","True","COM7","RIGHT_THUMB_LIGHT_CONTACT","20","4","0","0","85","0x00","0","0","0","0","0","0","0","0","FRAME T=20.0s HR=0 SpO2=0 conf=85 flags=0x00 seq=4"
"7","6","True","COM7","RIGHT_THUMB_LIGHT_CONTACT","25","5","0","0","70","0x00","0","0","0","0","0","0","0","0","FRAME T=25.0s HR=0 SpO2=0 conf=70 flags=0x00 seq=5"
"7","6","True","COM7","RIGHT_THUMB_LIGHT_CONTACT","30.1","6","0","0","60","0x00","0","0","0","0","0","0","0","0","FRAME T=30.1s HR=0 SpO2=0 conf=60 flags=0x00 seq=6"
"7","6","True","COM7","RIGHT_THUMB_LIGHT_CONTACT","35.2","7","0","0","85","0x00","0","0","0","0","0","0","0","0","FRAME T=35.2s HR=0 SpO2=0 conf=85 flags=0x00 seq=7"
"7","6","True","COM7","RIGHT_THUMB_LIGHT_CONTACT","40.2","8","0","0","60","0x00","0","0","0","0","0","0","0","0","FRAME T=40.2s HR=0 SpO2=0 conf=60 flags=0x00 seq=8"
"7","6","True","COM7","RIGHT_THUMB_LIGHT_CONTACT","45.3","9","69","99","70","0x03","1","1","0","1","1","1","0","0","FRAME T=45.3s HR=69 SpO2=99 conf=70 flags=0x03 seq=9"
"7","6","True","COM7","RIGHT_THUMB_LIGHT_CONTACT","50.3","10","67","0","70","0x01","1","0","0","1","1","0","0","0","FRAME T=50.3s HR=67 SpO2=0 conf=70 flags=0x01 seq=10"
"7","6","True","COM7","RIGHT_THUMB_LIGHT_CONTACT","55.4","11","67","0","40","0x05","1","0","1","1","0","0","0","0","FRAME T=55.4s HR=67 SpO2=0 conf=40 flags=0x05 seq=11"
"7","6","True","COM7","RIGHT_THUMB_LIGHT_CONTACT","60.5","12","67","0","40","0x05","1","0","1","1","0","0","0","0","FRAME T=60.5s HR=67 SpO2=0 conf=40 flags=0x05 seq=12"
"7","6","True","COM7","RIGHT_THUMB_LIGHT_CONTACT","65.5","13","67","0","40","0x05","1","0","1","1","0","0","0","0","FRAME T=65.5s HR=67 SpO2=0 conf=40 flags=0x05 seq=13"
"7","6","True","COM7","RIGHT_THUMB_LIGHT_CONTACT","70.6","14","67","0","70","0x01","1","0","0","1","1","0","0","0","FRAME T=70.6s HR=67 SpO2=0 conf=70 flags=0x01 seq=14"
"7","6","True","COM7","RIGHT_THUMB_LIGHT_CONTACT","75.6","15","67","0","70","0x01","1","0","0","1","1","0","0","0","FRAME T=75.6s HR=67 SpO2=0 conf=70 flags=0x01 seq=15"
"7","6","True","COM7","RIGHT_THUMB_LIGHT_CONTACT","80.7","16","67","0","70","0x01","1","0","0","1","1","0","0","0","FRAME T=80.7s HR=67 SpO2=0 conf=70 flags=0x01 seq=16"
"7","6","True","COM7","RIGHT_THUMB_LIGHT_CONTACT","85.8","17","67","0","85","0x01","1","0","0","1","1","0","0","0","FRAME T=85.8s HR=67 SpO2=0 conf=85 flags=0x01 seq=17"
"7","6","True","COM7","RIGHT_THUMB_LIGHT_CONTACT","90.8","18","67","0","70","0x01","1","0","0","1","1","0","0","0","FRAME T=90.8s HR=67 SpO2=0 conf=70 flags=0x01 seq=18"
"7","6","True","COM7","RIGHT_THUMB_LIGHT_CONTACT","95.9","19","67","0","40","0x05","1","0","1","1","0","0","0","0","FRAME T=95.9s HR=67 SpO2=0 conf=40 flags=0x05 seq=19"
"7","6","True","COM7","RIGHT_THUMB_LIGHT_CONTACT","100.9","20","65","0","70","0x01","1","0","0","1","1","0","0","0","FRAME T=100.9s HR=65 SpO2=0 conf=70 flags=0x01 seq=20"
"7","6","True","COM7","RIGHT_THUMB_LIGHT_CONTACT","106","21","65","0","40","0x05","1","0","1","1","0","0","0","0","FRAME T=106.0s HR=65 SpO2=0 conf=40 flags=0x05 seq=21"
"8","7","True","COM6","RIGHT_THUMB_FIRM_CONTACT","5.1","1","0","0","0","0x00","0","0","0","0","0","0","0","0","FRAME T=5.1s HR=0 SpO2=0 conf=0 flags=0x00 seq=1"
"8","7","True","COM6","RIGHT_THUMB_FIRM_CONTACT","10","2","0","0","0","0x00","0","0","0","0","0","0","0","0","FRAME T=10.0s HR=0 SpO2=0 conf=0 flags=0x00 seq=2"
"8","7","True","COM6","RIGHT_THUMB_FIRM_CONTACT","15","3","0","0","60","0x00","0","0","0","0","0","0","0","0","FRAME T=15.0s HR=0 SpO2=0 conf=60 flags=0x00 seq=3"
"8","7","True","COM6","RIGHT_THUMB_FIRM_CONTACT","20.1","4","0","0","60","0x00","0","0","0","0","0","0","0","0","FRAME T=20.1s HR=0 SpO2=0 conf=60 flags=0x00 seq=4"
"8","7","True","COM6","RIGHT_THUMB_FIRM_CONTACT","25.2","5","0","0","60","0x00","0","0","0","0","0","0","0","0","FRAME T=25.2s HR=0 SpO2=0 conf=60 flags=0x00 seq=5"
"8","7","True","COM6","RIGHT_THUMB_FIRM_CONTACT","30.3","6","0","0","85","0x00","0","0","0","0","0","0","0","0","FRAME T=30.3s HR=0 SpO2=0 conf=85 flags=0x00 seq=6"
"8","7","True","COM6","RIGHT_THUMB_FIRM_CONTACT","35.3","7","0","0","70","0x00","0","0","0","0","0","0","0","0","FRAME T=35.3s HR=0 SpO2=0 conf=70 flags=0x00 seq=7"
"8","7","True","COM6","RIGHT_THUMB_FIRM_CONTACT","40.4","8","87","99","70","0x03","1","1","0","0","0","0","0","0","FRAME T=40.4s HR=87 SpO2=99 conf=70 flags=0x03 seq=8"
"8","7","True","COM6","RIGHT_THUMB_FIRM_CONTACT","45.5","9","87","0","40","0x05","1","0","1","1","0","0","0","0","FRAME T=45.5s HR=87 SpO2=0 conf=40 flags=0x05 seq=9"
"8","7","True","COM6","RIGHT_THUMB_FIRM_CONTACT","50.5","10","87","0","40","0x05","1","0","1","1","0","0","0","0","FRAME T=50.5s HR=87 SpO2=0 conf=40 flags=0x05 seq=10"
"8","7","True","COM6","RIGHT_THUMB_FIRM_CONTACT","55.6","11","87","0","40","0x05","1","0","1","1","0","0","0","0","FRAME T=55.6s HR=87 SpO2=0 conf=40 flags=0x05 seq=11"
"8","7","True","COM6","RIGHT_THUMB_FIRM_CONTACT","60.7","12","87","0","40","0x05","1","0","1","1","0","0","0","0","FRAME T=60.7s HR=87 SpO2=0 conf=40 flags=0x05 seq=12"
"8","7","True","COM6","RIGHT_THUMB_FIRM_CONTACT","65.7","13","87","0","40","0x05","1","0","1","1","0","0","0","0","FRAME T=65.7s HR=87 SpO2=0 conf=40 flags=0x05 seq=13"
"8","7","True","COM6","RIGHT_THUMB_FIRM_CONTACT","70.8","14","87","0","40","0x05","1","0","1","1","0","0","0","0","FRAME T=70.8s HR=87 SpO2=0 conf=40 flags=0x05 seq=14"
"8","7","True","COM6","RIGHT_THUMB_FIRM_CONTACT","75.9","15","73","0","85","0x01","1","0","0","1","1","0","0","0","FRAME T=75.9s HR=73 SpO2=0 conf=85 flags=0x01 seq=15"
"8","7","True","COM6","RIGHT_THUMB_FIRM_CONTACT","81","16","73","0","40","0x05","1","0","1","1","0","0","0","0","FRAME T=81.0s HR=73 SpO2=0 conf=40 flags=0x05 seq=16"
"8","7","True","COM6","RIGHT_THUMB_FIRM_CONTACT","86","17","73","100","70","0x03","1","1","0","1","1","1","0","0","FRAME T=86.0s HR=73 SpO2=100 conf=70 flags=0x03 seq=17"
"8","7","True","COM6","RIGHT_THUMB_FIRM_CONTACT","91.1","18","73","0","40","0x05","1","0","1","1","0","0","0","0","FRAME T=91.1s HR=73 SpO2=0 conf=40 flags=0x05 seq=18"
"8","7","True","COM6","RIGHT_THUMB_FIRM_CONTACT","96.2","19","73","94","85","0x03","1","1","0","1","1","1","0","0","FRAME T=96.2s HR=73 SpO2=94 conf=85 flags=0x03 seq=19"
"8","7","True","COM6","RIGHT_THUMB_FIRM_CONTACT","101.2","20","73","0","40","0x05","1","0","1","1","0","0","0","0","FRAME T=101.2s HR=73 SpO2=0 conf=40 flags=0x05 seq=20"
"8","7","True","COM6","RIGHT_THUMB_FIRM_CONTACT","106.3","21","73","0","40","0x05","1","0","1","1","0","0","0","0","FRAME T=106.3s HR=73 SpO2=0 conf=40 flags=0x05 seq=21"
"9","8","True","COM7","RIGHT_THUMB_FIRM_CONTACT","9.3","1","0","0","0","0x00","0","0","0","0","0","0","0","0","FRAME T=9.3s HR=0 SpO2=0 conf=0 flags=0x00 seq=1"
"9","8","True","COM7","RIGHT_THUMB_FIRM_CONTACT","9.9","2","0","0","0","0x00","0","0","0","0","0","0","0","0","FRAME T=9.9s HR=0 SpO2=0 conf=0 flags=0x00 seq=2"
"9","8","True","COM7","RIGHT_THUMB_FIRM_CONTACT","15","3","0","0","95","0x00","0","0","0","0","0","0","0","0","FRAME T=15.0s HR=0 SpO2=0 conf=95 flags=0x00 seq=3"
"9","8","True","COM7","RIGHT_THUMB_FIRM_CONTACT","20","4","75","98","95","0x03","1","1","0","0","0","0","0","0","FRAME T=20.0s HR=75 SpO2=98 conf=95 flags=0x03 seq=4"
"9","8","True","COM7","RIGHT_THUMB_FIRM_CONTACT","25.1","5","76","98","85","0x03","1","1","0","0","0","0","0","0","FRAME T=25.1s HR=76 SpO2=98 conf=85 flags=0x03 seq=5"
"9","8","True","COM7","RIGHT_THUMB_FIRM_CONTACT","30.2","6","76","0","40","0x05","1","0","1","0","0","0","0","0","FRAME T=30.2s HR=76 SpO2=0 conf=40 flags=0x05 seq=6"
"9","8","True","COM7","RIGHT_THUMB_FIRM_CONTACT","35.2","7","76","0","40","0x05","1","0","1","0","0","0","0","0","FRAME T=35.2s HR=76 SpO2=0 conf=40 flags=0x05 seq=7"
"9","8","True","COM7","RIGHT_THUMB_FIRM_CONTACT","40.3","8","76","0","40","0x05","1","0","1","0","0","0","0","0","FRAME T=40.3s HR=76 SpO2=0 conf=40 flags=0x05 seq=8"
"9","8","True","COM7","RIGHT_THUMB_FIRM_CONTACT","45.3","9","76","0","40","0x05","1","0","1","1","0","0","0","0","FRAME T=45.3s HR=76 SpO2=0 conf=40 flags=0x05 seq=9"
"9","8","True","COM7","RIGHT_THUMB_FIRM_CONTACT","50.4","10","75","0","70","0x01","1","0","0","1","1","0","0","0","FRAME T=50.4s HR=75 SpO2=0 conf=70 flags=0x01 seq=10"
"9","8","True","COM7","RIGHT_THUMB_FIRM_CONTACT","55.5","11","75","0","40","0x05","1","0","1","1","0","0","0","0","FRAME T=55.5s HR=75 SpO2=0 conf=40 flags=0x05 seq=11"
"9","8","True","COM7","RIGHT_THUMB_FIRM_CONTACT","60.5","12","76","100","95","0x03","1","1","0","1","1","1","0","0","FRAME T=60.5s HR=76 SpO2=100 conf=95 flags=0x03 seq=12"
"9","8","True","COM7","RIGHT_THUMB_FIRM_CONTACT","65.6","13","76","0","40","0x05","1","0","1","1","0","0","0","0","FRAME T=65.6s HR=76 SpO2=0 conf=40 flags=0x05 seq=13"
"9","8","True","COM7","RIGHT_THUMB_FIRM_CONTACT","70.6","14","75","100","70","0x03","1","1","0","1","1","1","0","0","FRAME T=70.6s HR=75 SpO2=100 conf=70 flags=0x03 seq=14"
"9","8","True","COM7","RIGHT_THUMB_FIRM_CONTACT","75.7","15","75","0","40","0x05","1","0","1","1","0","0","0","0","FRAME T=75.7s HR=75 SpO2=0 conf=40 flags=0x05 seq=15"
"9","8","True","COM7","RIGHT_THUMB_FIRM_CONTACT","80.8","16","74","99","70","0x03","1","1","0","1","1","1","0","0","FRAME T=80.8s HR=74 SpO2=99 conf=70 flags=0x03 seq=16"
"9","8","True","COM7","RIGHT_THUMB_FIRM_CONTACT","85.8","17","74","99","85","0x03","1","1","0","1","1","1","0","0","FRAME T=85.8s HR=74 SpO2=99 conf=85 flags=0x03 seq=17"
"9","8","True","COM7","RIGHT_THUMB_FIRM_CONTACT","90.9","18","73","100","70","0x03","1","1","0","1","1","1","0","0","FRAME T=90.9s HR=73 SpO2=100 conf=70 flags=0x03 seq=18"
"9","8","True","COM7","RIGHT_THUMB_FIRM_CONTACT","95.9","19","71","99","70","0x03","1","1","0","1","1","1","0","0","FRAME T=95.9s HR=71 SpO2=99 conf=70 flags=0x03 seq=19"
"9","8","True","COM7","RIGHT_THUMB_FIRM_CONTACT","101","20","71","98","95","0x03","1","1","0","1","1","1","0","0","FRAME T=101.0s HR=71 SpO2=98 conf=95 flags=0x03 seq=20"
"9","8","True","COM7","RIGHT_THUMB_FIRM_CONTACT","106.1","21","72","99","85","0x03","1","1","0","1","1","1","0","0","FRAME T=106.1s HR=72 SpO2=99 conf=85 flags=0x03 seq=21"
