"capture_index","matrix_round","valid_for_matrix","port","placement","t_seconds","rate_hz","dc_ir","dc_red","ac_ir","ac_red","band_ratio","quality","flags_hex","raw_line"
"1","1","True","COM6","RIGHT_THUMB_NORMAL","0.6","0","0","0","0","0","0","0","0x00","DIAG T=0.6s I (556) signal_diag: rate=0.0 dc_ir=0 dc_red=0 ac_ir=0 ac_red=0 band=0.000 quality=0.00 flags=0x00"
"1","1","True","COM6","RIGHT_THUMB_NORMAL","5.6","100.4","0","0","0","0","0","0","0x00","DIAG T=5.6s I (5586) signal_diag: rate=100.4 dc_ir=0 dc_red=0 ac_ir=0 ac_red=0 band=0.000 quality=0.00 flags=0x00"
"1","1","True","COM6","RIGHT_THUMB_NORMAL","10.6","100.4","0","0","0","0","0","0","0x00","DIAG T=10.6s I (10606) signal_diag: rate=100.4 dc_ir=0 dc_red=0 ac_ir=0 ac_red=0 band=0.000 quality=0.00 flags=0x00"
"1","1","True","COM6","RIGHT_THUMB_NORMAL","15.7","100.3","73276","69030","292","129","0.569","0.7","0x00","DIAG T=15.7s I (15676) signal_diag: rate=100.3 dc_ir=73276 dc_red=69030 ac_ir=292 ac_red=129 band=0.569 quality=0.70 flags=0x00"
"1","1","True","COM6","RIGHT_THUMB_NORMAL","20.8","100.3","73602","69194","269","131","0.75","0.6","0x00","DIAG T=20.8s I (20746) signal_diag: rate=100.3 dc_ir=73602 dc_red=69194 ac_ir=269 ac_red=131 band=0.750 quality=0.60 flags=0x00"
"1","1","True","COM6","RIGHT_THUMB_NORMAL","25.8","100.3","73572","69195","337","145","0.714","0.7","0x03","DIAG T=25.8s I (25816) signal_diag: rate=100.3 dc_ir=73572 dc_red=69195 ac_ir=337 ac_red=145 band=0.714 quality=0.70 flags=0x03"
"1","1","True","COM6","RIGHT_THUMB_NORMAL","30.9","100.2","73207","69070","369","137","0.794","0.4","0x05","DIAG T=30.9s I (30886) signal_diag: rate=100.2 dc_ir=73207 dc_red=69070 ac_ir=369 ac_red=137 band=0.794 quality=0.40 flags=0x05"
"1","1","True","COM6","RIGHT_THUMB_NORMAL","36","100.3","72719","68882","443","202","0.895","0.4","0x05","DIAG T=36.0s I (35956) signal_diag: rate=100.3 dc_ir=72719 dc_red=68882 ac_ir=443 ac_red=202 band=0.895 quality=0.40 flags=0x05"
"1","1","True","COM6","RIGHT_THUMB_NORMAL","41","100.3","72168","68619","410","188","0.893","0.4","0x05","DIAG T=41.0s I (41026) signal_diag: rate=100.3 dc_ir=72168 dc_red=68619 ac_ir=410 ac_red=188 band=0.893 quality=0.40 flags=0x05"
"1","1","True","COM6","RIGHT_THUMB_NORMAL","46.1","100.4","72143","68587","372","203","0.873","0.4","0x05","DIAG T=46.1s I (46096) signal_diag: rate=100.4 dc_ir=72143 dc_red=68587 ac_ir=372 ac_red=203 band=0.873 quality=0.40 flags=0x05"
"1","1","True","COM6","RIGHT_THUMB_NORMAL","51.2","100.4","72409","68706","295","183","0.9","0.7","0x03","DIAG T=51.2s I (51166) signal_diag: rate=100.4 dc_ir=72409 dc_red=68706 ac_ir=295 ac_red=183 band=0.900 quality=0.70 flags=0x03"
"1","1","True","COM6","RIGHT_THUMB_NORMAL","56.2","100.3","72368","68729","333","148","0.747","0.4","0x05","DIAG T=56.2s I (56236) signal_diag: rate=100.3 dc_ir=72368 dc_red=68729 ac_ir=333 ac_red=148 band=0.747 quality=0.40 flags=0x05"
"1","1","True","COM6","RIGHT_THUMB_NORMAL","61.3","100.3","72885","68988","712","306","0.906","0.7","0x03","DIAG T=61.3s I (61316) signal_diag: rate=100.3 dc_ir=72885 dc_red=68988 ac_ir=712 ac_red=306 band=0.906 quality=0.70 flags=0x03"
"1","1","True","COM6","RIGHT_THUMB_NORMAL","66.4","100.2","73540","69205","356","140","0.738","0.4","0x05","DIAG T=66.4s I (66386) signal_diag: rate=100.2 dc_ir=73540 dc_red=69205 ac_ir=356 ac_red=140 band=0.738 quality=0.40 flags=0x05"
"1","1","True","COM6","RIGHT_THUMB_NORMAL","71.5","100.3","73503","69170","335","152","0.74","0.4","0x05","DIAG T=71.5s I (71456) signal_diag: rate=100.3 dc_ir=73503 dc_red=69170 ac_ir=335 ac_red=152 band=0.740 quality=0.40 flags=0x05"
"1","1","True","COM6","RIGHT_THUMB_NORMAL","76.5","100.3","73442","69194","314","144","0.788","0.85","0x03","DIAG T=76.5s I (76526) signal_diag: rate=100.3 dc_ir=73442 dc_red=69194 ac_ir=314 ac_red=144 band=0.788 quality=0.85 flags=0x03"
"1","1","True","COM6","RIGHT_THUMB_NORMAL","81.6","100.3","73292","69121","345","153","0.795","0.7","0x03","DIAG T=81.6s I (81596) signal_diag: rate=100.3 dc_ir=73292 dc_red=69121 ac_ir=345 ac_red=153 band=0.795 quality=0.70 flags=0x03"
"1","1","True","COM6","RIGHT_THUMB_NORMAL","86.7","100.3","72956","68945","388","181","0.836","0.7","0x03","DIAG T=86.7s I (86666) signal_diag: rate=100.3 dc_ir=72956 dc_red=68945 ac_ir=388 ac_red=181 band=0.836 quality=0.70 flags=0x03"
"1","1","True","COM6","RIGHT_THUMB_NORMAL","91.8","100.3","72576","68761","396","174","0.852","0.7","0x03","DIAG T=91.8s I (91746) signal_diag: rate=100.3 dc_ir=72576 dc_red=68761 ac_ir=396 ac_red=174 band=0.852 quality=0.70 flags=0x03"
"1","1","True","COM6","RIGHT_THUMB_NORMAL","96.8","100.3","72799","68843","610","242","0.868","0.85","0x03","DIAG T=96.8s I (96816) signal_diag: rate=100.3 dc_ir=72799 dc_red=68843 ac_ir=610 ac_red=242 band=0.868 quality=0.85 flags=0x03"
"1","1","True","COM6","RIGHT_THUMB_NORMAL","101.9","100.2","73650","69153","590","213","0.91","0.85","0x01","DIAG T=101.9s I (101886) signal_diag: rate=100.2 dc_ir=73650 dc_red=69153 ac_ir=590 ac_red=213 band=0.910 quality=0.85 flags=0x01"
"1","1","True","COM6","RIGHT_THUMB_NORMAL","107","100.3","74150","69328","230","98","0.826","0.4","0x05","DIAG T=107.0s I (106966) signal_diag: rate=100.3 dc_ir=74150 dc_red=69328 ac_ir=230 ac_red=98 band=0.826 quality=0.40 flags=0x05"
"2","2","True","COM7","RIGHT_THUMB_NORMAL","0.6","0","0","0","0","0","0","0","0x00","DIAG T=0.6s I (536) signal_diag: rate=0.0 dc_ir=0 dc_red=0 ac_ir=0 ac_red=0 band=0.000 quality=0.00 flags=0x00"
"2","2","True","COM7","RIGHT_THUMB_NORMAL","5.6","100","0","0","0","0","0","0","0x00","DIAG T=5.6s I (5556) signal_diag: rate=100.0 dc_ir=0 dc_red=0 ac_ir=0 ac_red=0 band=0.000 quality=0.00 flags=0x00"
"2","2","True","COM7","RIGHT_THUMB_NORMAL","10.6","99.9","0","0","0","0","0","0","0x00","DIAG T=10.6s I (10556) signal_diag: rate=99.9 dc_ir=0 dc_red=0 ac_ir=0 ac_red=0 band=0.000 quality=0.00 flags=0x00"
"2","2","True","COM7","RIGHT_THUMB_NORMAL","15.6","100","85316","77529","337","121","0.731","0.6","0x00","DIAG T=15.6s I (15606) signal_diag: rate=100.0 dc_ir=85316 dc_red=77529 ac_ir=337 ac_red=121 band=0.731 quality=0.60 flags=0x00"
"2","2","True","COM7","RIGHT_THUMB_NORMAL","20.7","100","85463","77522","325","135","0.726","0.6","0x00","DIAG T=20.7s I (20666) signal_diag: rate=100.0 dc_ir=85463 dc_red=77522 ac_ir=325 ac_red=135 band=0.726 quality=0.60 flags=0x00"
"2","2","True","COM7","RIGHT_THUMB_NORMAL","25.7","99.8","85473","77451","308","131","0.802","0.6","0x00","DIAG T=25.7s I (25726) signal_diag: rate=99.8 dc_ir=85473 dc_red=77451 ac_ir=308 ac_red=131 band=0.802 quality=0.60 flags=0x00"
"2","2","True","COM7","RIGHT_THUMB_NORMAL","30.8","99.9","85554","77443","319","285","0.775","0.7","0x00","DIAG T=30.8s I (30786) signal_diag: rate=99.9 dc_ir=85554 dc_red=77443 ac_ir=319 ac_red=285 band=0.775 quality=0.70 flags=0x00"
"2","2","True","COM7","RIGHT_THUMB_NORMAL","35.9","100","85696","77454","304","281","0.789","0.85","0x01","DIAG T=35.9s I (35846) signal_diag: rate=100.0 dc_ir=85696 dc_red=77454 ac_ir=304 ac_red=281 band=0.789 quality=0.85 flags=0x01"
"2","2","True","COM7","RIGHT_THUMB_NORMAL","40.9","99.9","85747","77478","285","137","0.675","0.4","0x05","DIAG T=40.9s I (40906) signal_diag: rate=99.9 dc_ir=85747 dc_red=77478 ac_ir=285 ac_red=137 band=0.675 quality=0.40 flags=0x05"
"2","2","True","COM7","RIGHT_THUMB_NORMAL","46","99.8","85756","77548","288","134","0.801","0.4","0x05","DIAG T=46.0s I (45966) signal_diag: rate=99.8 dc_ir=85756 dc_red=77548 ac_ir=288 ac_red=134 band=0.801 quality=0.40 flags=0x05"
"2","2","True","COM7","RIGHT_THUMB_NORMAL","51","99.8","85699","77601","267","117","0.693","0.4","0x05","DIAG T=51.0s I (51026) signal_diag: rate=99.8 dc_ir=85699 dc_red=77601 ac_ir=267 ac_red=117 band=0.693 quality=0.40 flags=0x05"
"2","2","True","COM7","RIGHT_THUMB_NORMAL","56.1","99.9","85812","77687","289","121","0.792","0.95","0x03","DIAG T=56.1s I (56076) signal_diag: rate=99.9 dc_ir=85812 dc_red=77687 ac_ir=289 ac_red=121 band=0.792 quality=0.95 flags=0x03"
"2","2","True","COM7","RIGHT_THUMB_NORMAL","61.1","99.9","85975","77722","184","84","0.661","0.7","0x03","DIAG T=61.1s I (61136) signal_diag: rate=99.9 dc_ir=85975 dc_red=77722 ac_ir=184 ac_red=84 band=0.661 quality=0.70 flags=0x03"
"2","2","True","COM7","RIGHT_THUMB_NORMAL","66.2","99.8","85903","77672","221","86","0.842","0.7","0x03","DIAG T=66.2s I (66196) signal_diag: rate=99.8 dc_ir=85903 dc_red=77672 ac_ir=221 ac_red=86 band=0.842 quality=0.70 flags=0x03"
"2","2","True","COM7","RIGHT_THUMB_NORMAL","71.3","99.8","85573","77588","397","129","0.888","0.4","0x05","DIAG T=71.3s I (71256) signal_diag: rate=99.8 dc_ir=85573 dc_red=77588 ac_ir=397 ac_red=129 band=0.888 quality=0.40 flags=0x05"
"2","2","True","COM7","RIGHT_THUMB_NORMAL","76.3","99.8","85338","77534","293","121","0.656","0.4","0x05","DIAG T=76.3s I (76316) signal_diag: rate=99.8 dc_ir=85338 dc_red=77534 ac_ir=293 ac_red=121 band=0.656 quality=0.40 flags=0x05"
"2","2","True","COM7","RIGHT_THUMB_NORMAL","81.4","99.9","85298","77504","251","109","0.758","0.7","0x03","DIAG T=81.4s I (81376) signal_diag: rate=99.9 dc_ir=85298 dc_red=77504 ac_ir=251 ac_red=109 band=0.758 quality=0.70 flags=0x03"
"2","2","True","COM7","RIGHT_THUMB_NORMAL","86.4","99.9","85040","77425","318","118","0.811","0.7","0x03","DIAG T=86.4s I (86436) signal_diag: rate=99.9 dc_ir=85040 dc_red=77425 ac_ir=318 ac_red=118 band=0.811 quality=0.70 flags=0x03"
"2","2","True","COM7","RIGHT_THUMB_NORMAL","91.5","99.8","84805","77386","319","134","0.767","0.4","0x05","DIAG T=91.5s I (91496) signal_diag: rate=99.8 dc_ir=84805 dc_red=77386 ac_ir=319 ac_red=134 band=0.767 quality=0.40 flags=0x05"
"2","2","True","COM7","RIGHT_THUMB_NORMAL","96.6","99.8","84671","77374","325","135","0.785","0.7","0x03","DIAG T=96.6s I (96556) signal_diag: rate=99.8 dc_ir=84671 dc_red=77374 ac_ir=325 ac_red=135 band=0.785 quality=0.70 flags=0x03"
"2","2","True","COM7","RIGHT_THUMB_NORMAL","101.6","99.9","84735","77416","309","131","0.872","0.7","0x03","DIAG T=101.6s I (101616) signal_diag: rate=99.9 dc_ir=84735 dc_red=77416 ac_ir=309 ac_red=131 band=0.872 quality=0.70 flags=0x03"
"2","2","True","COM7","RIGHT_THUMB_NORMAL","106.7","99.9","84994","77529","285","124","0.884","0.7","0x03","DIAG T=106.7s I (106676) signal_diag: rate=99.9 dc_ir=84994 dc_red=77529 ac_ir=285 ac_red=124 band=0.884 quality=0.70 flags=0x03"
"3","0","False","COM6","LEFT_THUMB_NOT_RESET_ABORTED","0.6","100.3","72408","68204","410","188","0.828","0.7","0x03","DIAG T=0.6s W (110196) sample: ?????? 10985 ???????????? 5s +1??????1I (622636) signal_diag: rate=100.3 dc_ir=72408 dc_red=68204 ac_ir=410 ac_red=188 band=0.828 quality=0.70 flags=0x03"
"3","0","False","COM6","LEFT_THUMB_NOT_RESET_ABORTED","5.7","100.3","71916","67968","505","237","0.856","0.4","0x05","DIAG T=5.7s I (627716) signal_diag: rate=100.3 dc_ir=71916 dc_red=67968 ac_ir=505 ac_red=237 band=0.856 quality=0.40 flags=0x05"
"3","0","False","COM6","LEFT_THUMB_NOT_RESET_ABORTED","10.7","100.3","71390","67762","440","170","0.865","0.4","0x05","DIAG T=10.7s I (632796) signal_diag: rate=100.3 dc_ir=71390 dc_red=67762 ac_ir=440 ac_red=170 band=0.865 quality=0.40 flags=0x05"
"3","0","False","COM6","LEFT_THUMB_NOT_RESET_ABORTED","15.8","100.3","70954","67611","455","201","0.894","0.85","0x03","DIAG T=15.8s I (637876) signal_diag: rate=100.3 dc_ir=70954 dc_red=67611 ac_ir=455 ac_red=201 band=0.894 quality=0.85 flags=0x03"
"3","0","False","COM6","LEFT_THUMB_NOT_RESET_ABORTED","20.9","100.3","70805","67544","408","185","0.824","0.95","0x03","DIAG T=20.9s I (642956) signal_diag: rate=100.3 dc_ir=70805 dc_red=67544 ac_ir=408 ac_red=185 band=0.824 quality=0.95 flags=0x03"
"3","0","False","COM6","LEFT_THUMB_NOT_RESET_ABORTED","26","100.3","71192","67699","497","211","0.852","0.7","0x03","DIAG T=26.0s I (648036) signal_diag: rate=100.3 dc_ir=71192 dc_red=67699 ac_ir=497 ac_red=211 band=0.852 quality=0.70 flags=0x03"
"3","0","False","COM6","LEFT_THUMB_NOT_RESET_ABORTED","31.1","100.3","71891","67987","538","231","0.911","0.85","0x03","DIAG T=31.1s I (653116) signal_diag: rate=100.3 dc_ir=71891 dc_red=67987 ac_ir=538 ac_red=231 band=0.911 quality=0.85 flags=0x03"
"3","0","False","COM6","LEFT_THUMB_NOT_RESET_ABORTED","36.1","100.3","72511","68248","379","152","0.792","0.4","0x05","DIAG T=36.1s I (658196) signal_diag: rate=100.3 dc_ir=72511 dc_red=68248 ac_ir=379 ac_red=152 band=0.792 quality=0.40 flags=0x05"
"3","0","False","COM6","LEFT_THUMB_NOT_RESET_ABORTED","41.2","100.2","72562","68315","311","114","0.841","0.4","0x05","DIAG T=41.2s I (663276) signal_diag: rate=100.2 dc_ir=72562 dc_red=68315 ac_ir=311 ac_red=114 band=0.841 quality=0.40 flags=0x05"
"4","3","True","COM6","LEFT_THUMB_NORMAL","4.4","100.2","0","0","0","0","0","0","0x00","DIAG T=4.4s I (5579) signal_diag: rate=100.2 dc_ir=0 dc_red=0 ac_ir=0 ac_red=0 band=0.000 quality=0.00 flags=0x00"
"4","3","True","COM6","LEFT_THUMB_NORMAL","9.4","100.3","0","0","0","0","0","0","0x00","DIAG T=9.4s I (10599) signal_diag: rate=100.3 dc_ir=0 dc_red=0 ac_ir=0 ac_red=0 band=0.000 quality=0.00 flags=0x00"
"4","3","True","COM6","LEFT_THUMB_NORMAL","14.5","100.3","73520","69149","494","267","0.561","0.7","0x00","DIAG T=14.5s I (15669) signal_diag: rate=100.3 dc_ir=73520 dc_red=69149 ac_ir=494 ac_red=267 band=0.561 quality=0.70 flags=0x00"
"4","3","True","COM6","LEFT_THUMB_NORMAL","19.6","100.3","73242","69082","387","166","0.603","0.6","0x00","DIAG T=19.6s I (20739) signal_diag: rate=100.3 dc_ir=73242 dc_red=69082 ac_ir=387 ac_red=166 band=0.603 quality=0.60 flags=0x00"
"4","3","True","COM6","LEFT_THUMB_NORMAL","24.6","100.3","72797","68843","460","234","0.541","0.6","0x00","DIAG T=24.6s I (25809) signal_diag: rate=100.3 dc_ir=72797 dc_red=68843 ac_ir=460 ac_red=234 band=0.541 quality=0.60 flags=0x00"
"4","3","True","COM6","LEFT_THUMB_NORMAL","29.7","100.3","72742","68695","458","181","0.364","0.6","0x00","DIAG T=29.7s I (30879) signal_diag: rate=100.3 dc_ir=72742 dc_red=68695 ac_ir=458 ac_red=181 band=0.364 quality=0.60 flags=0x00"
"4","3","True","COM6","LEFT_THUMB_NORMAL","34.8","100.3","72880","68668","565","259","0.625","0.6","0x00","DIAG T=34.8s I (35949) signal_diag: rate=100.3 dc_ir=72880 dc_red=68668 ac_ir=565 ac_red=259 band=0.625 quality=0.60 flags=0x00"
"4","3","True","COM6","LEFT_THUMB_NORMAL","39.9","100.3","72652","68637","574","257","0.069","0.6","0x00","DIAG T=39.9s I (41029) signal_diag: rate=100.3 dc_ir=72652 dc_red=68637 ac_ir=574 ac_red=257 band=0.069 quality=0.60 flags=0x00"
"4","3","True","COM6","LEFT_THUMB_NORMAL","44.9","100.3","72270","68580","550","233","0.572","0.6","0x00","DIAG T=44.9s I (46099) signal_diag: rate=100.3 dc_ir=72270 dc_red=68580 ac_ir=550 ac_red=233 band=0.572 quality=0.60 flags=0x00"
"4","3","True","COM6","LEFT_THUMB_NORMAL","50","100.3","72354","68672","572","268","0.464","0.6","0x00","DIAG T=50.0s I (51169) signal_diag: rate=100.3 dc_ir=72354 dc_red=68672 ac_ir=572 ac_red=268 band=0.464 quality=0.60 flags=0x00"
"4","3","True","COM6","LEFT_THUMB_NORMAL","55.1","100.3","72394","68714","475","205","0.599","0.6","0x00","DIAG T=55.1s I (56239) signal_diag: rate=100.3 dc_ir=72394 dc_red=68714 ac_ir=475 ac_red=205 band=0.599 quality=0.60 flags=0x00"
"4","3","True","COM6","LEFT_THUMB_NORMAL","60.1","100.3","72139","68615","393","178","0.656","0.7","0x03","DIAG T=60.1s I (61309) signal_diag: rate=100.3 dc_ir=72139 dc_red=68615 ac_ir=393 ac_red=178 band=0.656 quality=0.70 flags=0x03"
"4","3","True","COM6","LEFT_THUMB_NORMAL","65.2","100.3","72252","68664","395","181","0.601","0.4","0x05","DIAG T=65.2s I (66379) signal_diag: rate=100.3 dc_ir=72252 dc_red=68664 ac_ir=395 ac_red=181 band=0.601 quality=0.40 flags=0x05"
"4","3","True","COM6","LEFT_THUMB_NORMAL","70.3","100.3","72439","68755","405","190","0.464","0.4","0x05","DIAG T=70.3s I (71459) signal_diag: rate=100.3 dc_ir=72439 dc_red=68755 ac_ir=405 ac_red=190 band=0.464 quality=0.40 flags=0x05"
"4","3","True","COM6","LEFT_THUMB_NORMAL","75.3","100.3","72746","68916","399","184","0.551","0.4","0x05","DIAG T=75.3s I (76529) signal_diag: rate=100.3 dc_ir=72746 dc_red=68916 ac_ir=399 ac_red=184 band=0.551 quality=0.40 flags=0x05"
"4","3","True","COM6","LEFT_THUMB_NORMAL","80.4","100.3","72939","68999","307","131","0.534","0.7","0x03","DIAG T=80.4s I (81599) signal_diag: rate=100.3 dc_ir=72939 dc_red=68999 ac_ir=307 ac_red=131 band=0.534 quality=0.70 flags=0x03"
"4","3","True","COM6","LEFT_THUMB_NORMAL","85.5","100.3","72835","68911","335","151","0","0.4","0x05","DIAG T=85.5s I (86679) signal_diag: rate=100.3 dc_ir=72835 dc_red=68911 ac_ir=335 ac_red=151 band=0.000 quality=0.40 flags=0x05"
"4","3","True","COM6","LEFT_THUMB_NORMAL","90.6","100.3","72976","68929","456","175","0.783","0.4","0x05","DIAG T=90.6s I (91749) signal_diag: rate=100.3 dc_ir=72976 dc_red=68929 ac_ir=456 ac_red=175 band=0.783 quality=0.40 flags=0x05"
"4","3","True","COM6","LEFT_THUMB_NORMAL","95.6","100.3","73220","69010","354","138","0.315","0.4","0x05","DIAG T=95.6s I (96819) signal_diag: rate=100.3 dc_ir=73220 dc_red=69010 ac_ir=354 ac_red=138 band=0.315 quality=0.40 flags=0x05"
"4","3","True","COM6","LEFT_THUMB_NORMAL","100.7","100.3","72957","68949","408","149","0.774","0.4","0x05","DIAG T=100.7s I (101889) signal_diag: rate=100.3 dc_ir=72957 dc_red=68949 ac_ir=408 ac_red=149 band=0.774 quality=0.40 flags=0x05"
"4","3","True","COM6","LEFT_THUMB_NORMAL","105.8","100.3","72961","69012","435","189","0.744","0.4","0x05","DIAG T=105.8s I (106969) signal_diag: rate=100.3 dc_ir=72961 dc_red=69012 ac_ir=435 ac_red=189 band=0.744 quality=0.40 flags=0x05"
"5","4","True","COM7","LEFT_THUMB_NORMAL","4.9","100","0","0","0","0","0","0","0x00","DIAG T=4.9s I (5559) signal_diag: rate=100.0 dc_ir=0 dc_red=0 ac_ir=0 ac_red=0 band=0.000 quality=0.00 flags=0x00"
"5","4","True","COM7","LEFT_THUMB_NORMAL","9.9","99.9","0","0","0","0","0","0","0x00","DIAG T=9.9s I (10559) signal_diag: rate=99.9 dc_ir=0 dc_red=0 ac_ir=0 ac_red=0 band=0.000 quality=0.00 flags=0x00"
"5","4","True","COM7","LEFT_THUMB_NORMAL","15","99.9","91218","82221","335","130","0.847","0.7","0x00","DIAG T=15.0s I (15609) signal_diag: rate=99.9 dc_ir=91218 dc_red=82221 ac_ir=335 ac_red=130 band=0.847 quality=0.70 flags=0x00"
"5","4","True","COM7","LEFT_THUMB_NORMAL","20","99.9","91334","82236","340","133","0.881","0.7","0x03","DIAG T=20.0s I (20669) signal_diag: rate=99.9 dc_ir=91334 dc_red=82236 ac_ir=340 ac_red=133 band=0.881 quality=0.70 flags=0x03"
"5","4","True","COM7","LEFT_THUMB_NORMAL","25.1","99.8","91301","82159","369","178","0.788","0.4","0x05","DIAG T=25.1s I (25729) signal_diag: rate=99.8 dc_ir=91301 dc_red=82159 ac_ir=369 ac_red=178 band=0.788 quality=0.40 flags=0x05"
"5","4","True","COM7","LEFT_THUMB_NORMAL","30.1","99.8","91058","82001","346","157","0.148","0.4","0x05","DIAG T=30.1s I (30789) signal_diag: rate=99.8 dc_ir=91058 dc_red=82001 ac_ir=346 ac_red=157 band=0.148 quality=0.40 flags=0x05"
"5","4","True","COM7","LEFT_THUMB_NORMAL","35.2","99.8","91105","81988","373","149","0.822","0.4","0x05","DIAG T=35.2s I (35839) signal_diag: rate=99.8 dc_ir=91105 dc_red=81988 ac_ir=373 ac_red=149 band=0.822 quality=0.40 flags=0x05"
"5","4","True","COM7","LEFT_THUMB_NORMAL","40.2","99.9","91278","82057","359","149","0.857","0.7","0x03","DIAG T=40.2s I (40899) signal_diag: rate=99.9 dc_ir=91278 dc_red=82057 ac_ir=359 ac_red=149 band=0.857 quality=0.70 flags=0x03"
"5","4","True","COM7","LEFT_THUMB_NORMAL","45.3","99.9","91691","82172","477","162","0.888","0.95","0x01","DIAG T=45.3s I (45959) signal_diag: rate=99.9 dc_ir=91691 dc_red=82172 ac_ir=477 ac_red=162 band=0.888 quality=0.95 flags=0x01"
"5","4","True","COM7","LEFT_THUMB_NORMAL","50.4","99.8","91736","82182","435","151","0.836","0.4","0x05","DIAG T=50.4s I (51019) signal_diag: rate=99.8 dc_ir=91736 dc_red=82182 ac_ir=435 ac_red=151 band=0.836 quality=0.40 flags=0x05"
"5","4","True","COM7","LEFT_THUMB_NORMAL","55.4","99.8","91347","82100","386","150","0.779","0.7","0x03","DIAG T=55.4s I (56079) signal_diag: rate=99.8 dc_ir=91347 dc_red=82100 ac_ir=386 ac_red=150 band=0.779 quality=0.70 flags=0x03"
"5","4","True","COM7","LEFT_THUMB_NORMAL","60.5","99.8","91079","82022","430","165","0.84","0.4","0x05","DIAG T=60.5s I (61139) signal_diag: rate=99.8 dc_ir=91079 dc_red=82022 ac_ir=430 ac_red=165 band=0.840 quality=0.40 flags=0x05"
"5","4","True","COM7","LEFT_THUMB_NORMAL","65.5","99.9","90785","81878","389","174","0.86","0.7","0x03","DIAG T=65.5s I (66199) signal_diag: rate=99.9 dc_ir=90785 dc_red=81878 ac_ir=389 ac_red=174 band=0.860 quality=0.70 flags=0x03"
"5","4","True","COM7","LEFT_THUMB_NORMAL","70.6","99.9","90469","81704","417","175","0.826","0.4","0x05","DIAG T=70.6s I (71259) signal_diag: rate=99.9 dc_ir=90469 dc_red=81704 ac_ir=417 ac_red=175 band=0.826 quality=0.40 flags=0x05"
"5","4","True","COM7","LEFT_THUMB_NORMAL","75.7","99.8","90642","81809","566","266","0.897","0.95","0x03","DIAG T=75.7s I (76319) signal_diag: rate=99.8 dc_ir=90642 dc_red=81809 ac_ir=566 ac_red=266 band=0.897 quality=0.95 flags=0x03"
"5","4","True","COM7","LEFT_THUMB_NORMAL","80.7","99.8","91311","82098","522","204","0.867","0.95","0x03","DIAG T=80.7s I (81379) signal_diag: rate=99.8 dc_ir=91311 dc_red=82098 ac_ir=522 ac_red=204 band=0.867 quality=0.95 flags=0x03"
"5","4","True","COM7","LEFT_THUMB_NORMAL","85.8","99.8","91110","82058","624","192","0.905","0.95","0x01","DIAG T=85.8s I (86439) signal_diag: rate=99.8 dc_ir=91110 dc_red=82058 ac_ir=624 ac_red=192 band=0.905 quality=0.95 flags=0x01"
"5","4","True","COM7","LEFT_THUMB_NORMAL","90.8","99.9","90702","82048","436","197","0.805","0.4","0x05","DIAG T=90.8s I (91499) signal_diag: rate=99.9 dc_ir=90702 dc_red=82048 ac_ir=436 ac_red=197 band=0.805 quality=0.40 flags=0x05"
"5","4","True","COM7","LEFT_THUMB_NORMAL","95.9","99.9","90923","82197","418","162","0.791","0.85","0x03","DIAG T=95.9s I (96559) signal_diag: rate=99.9 dc_ir=90923 dc_red=82197 ac_ir=418 ac_red=162 band=0.791 quality=0.85 flags=0x03"
"5","4","True","COM7","LEFT_THUMB_NORMAL","101","99.8","90992","82214","334","134","0.778","0.4","0x05","DIAG T=101.0s I (101619) signal_diag: rate=99.8 dc_ir=90992 dc_red=82214 ac_ir=334 ac_red=134 band=0.778 quality=0.40 flags=0x05"
"5","4","True","COM7","LEFT_THUMB_NORMAL","106","99.8","90981","82241","304","126","0.523","0.4","0x05","DIAG T=106.0s I (106679) signal_diag: rate=99.8 dc_ir=90981 dc_red=82241 ac_ir=304 ac_red=126 band=0.523 quality=0.40 flags=0x05"
"6","5","True","COM6","RIGHT_THUMB_LIGHT_CONTACT","4.9","100.2","0","0","0","0","0","0","0x00","DIAG T=4.9s I (5569) signal_diag: rate=100.2 dc_ir=0 dc_red=0 ac_ir=0 ac_red=0 band=0.000 quality=0.00 flags=0x00"
"6","5","True","COM6","RIGHT_THUMB_LIGHT_CONTACT","9.9","100.3","0","0","0","0","0","0","0x00","DIAG T=9.9s I (10589) signal_diag: rate=100.3 dc_ir=0 dc_red=0 ac_ir=0 ac_red=0 band=0.000 quality=0.00 flags=0x00"
"6","5","True","COM6","RIGHT_THUMB_LIGHT_CONTACT","15","100.4","74642","70254","235","109","0.108","0.6","0x00","DIAG T=15.0s I (15659) signal_diag: rate=100.4 dc_ir=74642 dc_red=70254 ac_ir=235 ac_red=109 band=0.108 quality=0.60 flags=0x00"
"6","5","True","COM6","RIGHT_THUMB_LIGHT_CONTACT","20.1","100.3","74876","70290","308","108","0.865","0.6","0x00","DIAG T=20.1s I (20739) signal_diag: rate=100.3 dc_ir=74876 dc_red=70290 ac_ir=308 ac_red=108 band=0.865 quality=0.60 flags=0x00"
"6","5","True","COM6","RIGHT_THUMB_LIGHT_CONTACT","25.1","100.4","74951","70287","410","170","0.255","0.6","0x00","DIAG T=25.1s I (25809) signal_diag: rate=100.4 dc_ir=74951 dc_red=70287 ac_ir=410 ac_red=170 band=0.255 quality=0.60 flags=0x00"
"6","5","True","COM6","RIGHT_THUMB_LIGHT_CONTACT","30.2","100.3","75137","70339","493","194","0.506","0.7","0x00","DIAG T=30.2s I (30879) signal_diag: rate=100.3 dc_ir=75137 dc_red=70339 ac_ir=493 ac_red=194 band=0.506 quality=0.70 flags=0x00"
"6","5","True","COM6","RIGHT_THUMB_LIGHT_CONTACT","35.3","100.3","75227","70356","320","132","0.836","0.85","0x03","DIAG T=35.3s I (35949) signal_diag: rate=100.3 dc_ir=75227 dc_red=70356 ac_ir=320 ac_red=132 band=0.836 quality=0.85 flags=0x03"
"6","5","True","COM6","RIGHT_THUMB_LIGHT_CONTACT","40.4","100.3","74979","70253","231","97","0.611","0.7","0x03","DIAG T=40.4s I (41019) signal_diag: rate=100.3 dc_ir=74979 dc_red=70253 ac_ir=231 ac_red=97 band=0.611 quality=0.70 flags=0x03"
"6","5","True","COM6","RIGHT_THUMB_LIGHT_CONTACT","45.4","100.3","74730","70182","412","148","0.819","0.85","0x01","DIAG T=45.4s I (46089) signal_diag: rate=100.3 dc_ir=74730 dc_red=70182 ac_ir=412 ac_red=148 band=0.819 quality=0.85 flags=0x01"
"6","5","True","COM6","RIGHT_THUMB_LIGHT_CONTACT","50.5","100.3","74100","69949","523","220","0.881","0.7","0x03","DIAG T=50.5s I (51159) signal_diag: rate=100.3 dc_ir=74100 dc_red=69949 ac_ir=523 ac_red=220 band=0.881 quality=0.70 flags=0x03"
"6","5","True","COM6","RIGHT_THUMB_LIGHT_CONTACT","55.6","100.3","73820","69799","275","115","0.823","0.7","0x03","DIAG T=55.6s I (56229) signal_diag: rate=100.3 dc_ir=73820 dc_red=69799 ac_ir=275 ac_red=115 band=0.823 quality=0.70 flags=0x03"
"6","5","True","COM6","RIGHT_THUMB_LIGHT_CONTACT","60.6","100.3","73704","69783","359","117","0.867","0.4","0x05","DIAG T=60.6s I (61299) signal_diag: rate=100.3 dc_ir=73704 dc_red=69783 ac_ir=359 ac_red=117 band=0.867 quality=0.40 flags=0x05"
"6","5","True","COM6","RIGHT_THUMB_LIGHT_CONTACT","65.7","100.3","73177","69646","489","190","0.83","0.85","0x03","DIAG T=65.7s I (66369) signal_diag: rate=100.3 dc_ir=73177 dc_red=69646 ac_ir=489 ac_red=190 band=0.830 quality=0.85 flags=0x03"
"6","5","True","COM6","RIGHT_THUMB_LIGHT_CONTACT","70.8","100.3","72478","69374","547","234","0.615","0.4","0x05","DIAG T=70.8s I (71449) signal_diag: rate=100.3 dc_ir=72478 dc_red=69374 ac_ir=547 ac_red=234 band=0.615 quality=0.40 flags=0x05"
"6","5","True","COM6","RIGHT_THUMB_LIGHT_CONTACT","75.9","100.3","72278","69294","381","167","0.8","0.4","0x05","DIAG T=75.9s I (76519) signal_diag: rate=100.3 dc_ir=72278 dc_red=69294 ac_ir=381 ac_red=167 band=0.800 quality=0.40 flags=0x05"
"6","5","True","COM6","RIGHT_THUMB_LIGHT_CONTACT","80.9","100.3","72654","69459","353","154","0.78","0.85","0x03","DIAG T=80.9s I (81589) signal_diag: rate=100.3 dc_ir=72654 dc_red=69459 ac_ir=353 ac_red=154 band=0.780 quality=0.85 flags=0x03"
"6","5","True","COM6","RIGHT_THUMB_LIGHT_CONTACT","86","100.3","73081","69610","408","142","0.854","0.4","0x05","DIAG T=86.0s I (86669) signal_diag: rate=100.3 dc_ir=73081 dc_red=69610 ac_ir=408 ac_red=142 band=0.854 quality=0.40 flags=0x05"
"6","5","True","COM6","RIGHT_THUMB_LIGHT_CONTACT","91.1","100.3","73640","69827","469","208","0.399","0.4","0x05","DIAG T=91.1s I (91739) signal_diag: rate=100.3 dc_ir=73640 dc_red=69827 ac_ir=469 ac_red=208 band=0.399 quality=0.40 flags=0x05"
"6","5","True","COM6","RIGHT_THUMB_LIGHT_CONTACT","96.1","100.3","73937","70004","310","153","0.47","0.4","0x05","DIAG T=96.1s I (96809) signal_diag: rate=100.3 dc_ir=73937 dc_red=70004 ac_ir=310 ac_red=153 band=0.470 quality=0.40 flags=0x05"
"6","5","True","COM6","RIGHT_THUMB_LIGHT_CONTACT","101.2","100.3","73817","69972","289","128","0.73","0.85","0x03","DIAG T=101.2s I (101879) signal_diag: rate=100.3 dc_ir=73817 dc_red=69972 ac_ir=289 ac_red=128 band=0.730 quality=0.85 flags=0x03"
"6","5","True","COM6","RIGHT_THUMB_LIGHT_CONTACT","106.3","100.2","73623","69887","303","120","0.878","0.7","0x03","DIAG T=106.3s I (106959) signal_diag: rate=100.2 dc_ir=73623 dc_red=69887 ac_ir=303 ac_red=120 band=0.878 quality=0.70 flags=0x03"
"7","6","True","COM7","RIGHT_THUMB_LIGHT_CONTACT","4.9","100","0","0","0","0","0","0","0x00","DIAG T=4.9s I (5549) signal_diag: rate=100.0 dc_ir=0 dc_red=0 ac_ir=0 ac_red=0 band=0.000 quality=0.00 flags=0x00"
"7","6","True","COM7","RIGHT_THUMB_LIGHT_CONTACT","9.9","99.9","0","0","0","0","0","0","0x00","DIAG T=9.9s I (10549) signal_diag: rate=99.9 dc_ir=0 dc_red=0 ac_ir=0 ac_red=0 band=0.000 quality=0.00 flags=0x00"
"7","6","True","COM7","RIGHT_THUMB_LIGHT_CONTACT","14.9","99.9","88341","79519","299","90","0.807","0.6","0x00","DIAG T=14.9s I (15599) signal_diag: rate=99.9 dc_ir=88341 dc_red=79519 ac_ir=299 ac_red=90 band=0.807 quality=0.60 flags=0x00"
"7","6","True","COM7","RIGHT_THUMB_LIGHT_CONTACT","20","99.8","87878","79399","374","112","0.876","0.85","0x00","DIAG T=20.0s I (20659) signal_diag: rate=99.8 dc_ir=87878 dc_red=79399 ac_ir=374 ac_red=112 band=0.876 quality=0.85 flags=0x00"
"7","6","True","COM7","RIGHT_THUMB_LIGHT_CONTACT","25","99.8","87119","79168","588","205","0.624","0.7","0x00","DIAG T=25.0s I (25709) signal_diag: rate=99.8 dc_ir=87119 dc_red=79168 ac_ir=588 ac_red=205 band=0.624 quality=0.70 flags=0x00"
"7","6","True","COM7","RIGHT_THUMB_LIGHT_CONTACT","30.1","99.8","86481","78928","402","163","0.77","0.6","0x00","DIAG T=30.1s I (30769) signal_diag: rate=99.8 dc_ir=86481 dc_red=78928 ac_ir=402 ac_red=163 band=0.770 quality=0.60 flags=0x00"
"7","6","True","COM7","RIGHT_THUMB_LIGHT_CONTACT","35.1","99.9","86813","78994","595","191","0.896","0.85","0x00","DIAG T=35.1s I (35819) signal_diag: rate=99.9 dc_ir=86813 dc_red=78994 ac_ir=595 ac_red=191 band=0.896 quality=0.85 flags=0x00"
"7","6","True","COM7","RIGHT_THUMB_LIGHT_CONTACT","40.2","99.9","87381","79179","268","103","0.538","0.6","0x00","DIAG T=40.2s I (40879) signal_diag: rate=99.9 dc_ir=87381 dc_red=79179 ac_ir=268 ac_red=103 band=0.538 quality=0.60 flags=0x00"
"7","6","True","COM7","RIGHT_THUMB_LIGHT_CONTACT","45.3","99.8","87512","79242","204","82","0.818","0.7","0x03","DIAG T=45.3s I (45939) signal_diag: rate=99.8 dc_ir=87512 dc_red=79242 ac_ir=204 ac_red=82 band=0.818 quality=0.70 flags=0x03"
"7","6","True","COM7","RIGHT_THUMB_LIGHT_CONTACT","50.3","99.8","87461","79244","263","92","0.881","0.7","0x01","DIAG T=50.3s I (50999) signal_diag: rate=99.8 dc_ir=87461 dc_red=79244 ac_ir=263 ac_red=92 band=0.881 quality=0.70 flags=0x01"
"7","6","True","COM7","RIGHT_THUMB_LIGHT_CONTACT","55.4","99.9","87096","79147","387","140","0.841","0.4","0x05","DIAG T=55.4s I (56059) signal_diag: rate=99.9 dc_ir=87096 dc_red=79147 ac_ir=387 ac_red=140 band=0.841 quality=0.40 flags=0x05"
"7","6","True","COM7","RIGHT_THUMB_LIGHT_CONTACT","60.4","99.9","86876","79056","313","131","0.668","0.4","0x05","DIAG T=60.4s I (61119) signal_diag: rate=99.9 dc_ir=86876 dc_red=79056 ac_ir=313 ac_red=131 band=0.668 quality=0.40 flags=0x05"
"7","6","True","COM7","RIGHT_THUMB_LIGHT_CONTACT","65.5","99.8","87048","79108","308","127","0.618","0.4","0x05","DIAG T=65.5s I (66179) signal_diag: rate=99.8 dc_ir=87048 dc_red=79108 ac_ir=308 ac_red=127 band=0.618 quality=0.40 flags=0x05"
"7","6","True","COM7","RIGHT_THUMB_LIGHT_CONTACT","70.6","99.8","87269","79184","320","108","0.742","0.7","0x01","DIAG T=70.6s I (71239) signal_diag: rate=99.8 dc_ir=87269 dc_red=79184 ac_ir=320 ac_red=108 band=0.742 quality=0.70 flags=0x01"
"7","6","True","COM7","RIGHT_THUMB_LIGHT_CONTACT","75.6","99.9","87193","79187","341","113","0.862","0.7","0x01","DIAG T=75.6s I (76299) signal_diag: rate=99.9 dc_ir=87193 dc_red=79187 ac_ir=341 ac_red=113 band=0.862 quality=0.70 flags=0x01"
"7","6","True","COM7","RIGHT_THUMB_LIGHT_CONTACT","80.7","99.9","87165","79199","298","107","0.859","0.7","0x01","DIAG T=80.7s I (81359) signal_diag: rate=99.9 dc_ir=87165 dc_red=79199 ac_ir=298 ac_red=107 band=0.859 quality=0.70 flags=0x01"
"7","6","True","COM7","RIGHT_THUMB_LIGHT_CONTACT","85.7","99.8","87635","79308","446","139","0.867","0.85","0x01","DIAG T=85.7s I (86419) signal_diag: rate=99.8 dc_ir=87635 dc_red=79308 ac_ir=446 ac_red=139 band=0.867 quality=0.85 flags=0x01"
"7","6","True","COM7","RIGHT_THUMB_LIGHT_CONTACT","90.8","99.8","87824","79384","293","92","0.768","0.7","0x01","DIAG T=90.8s I (91479) signal_diag: rate=99.8 dc_ir=87824 dc_red=79384 ac_ir=293 ac_red=92 band=0.768 quality=0.70 flags=0x01"
"7","6","True","COM7","RIGHT_THUMB_LIGHT_CONTACT","95.9","99.8","87742","79377","247","90","0.076","0.4","0x05","DIAG T=95.9s I (96539) signal_diag: rate=99.8 dc_ir=87742 dc_red=79377 ac_ir=247 ac_red=90 band=0.076 quality=0.40 flags=0x05"
"7","6","True","COM7","RIGHT_THUMB_LIGHT_CONTACT","100.9","99.9","87922","79380","240","94","0.696","0.7","0x01","DIAG T=100.9s I (101589) signal_diag: rate=99.9 dc_ir=87922 dc_red=79380 ac_ir=240 ac_red=94 band=0.696 quality=0.70 flags=0x01"
"7","6","True","COM7","RIGHT_THUMB_LIGHT_CONTACT","106","100","88158","79417","267","99","0.673","0.4","0x05","DIAG T=106.0s I (106649) signal_diag: rate=100.0 dc_ir=88158 dc_red=79417 ac_ir=267 ac_red=99 band=0.673 quality=0.40 flags=0x05"
"8","7","True","COM6","RIGHT_THUMB_FIRM_CONTACT","4.9","100.2","0","0","0","0","0","0","0x00","DIAG T=4.9s I (5589) signal_diag: rate=100.2 dc_ir=0 dc_red=0 ac_ir=0 ac_red=0 band=0.000 quality=0.00 flags=0x00"
"8","7","True","COM6","RIGHT_THUMB_FIRM_CONTACT","10","100.3","0","0","0","0","0","0","0x00","DIAG T=10.0s I (10609) signal_diag: rate=100.3 dc_ir=0 dc_red=0 ac_ir=0 ac_red=0 band=0.000 quality=0.00 flags=0x00"
"8","7","True","COM6","RIGHT_THUMB_FIRM_CONTACT","15","100.3","72164","66060","182","79","0.407","0.6","0x00","DIAG T=15.0s I (15679) signal_diag: rate=100.3 dc_ir=72164 dc_red=66060 ac_ir=182 ac_red=79 band=0.407 quality=0.60 flags=0x00"
"8","7","True","COM6","RIGHT_THUMB_FIRM_CONTACT","20.1","100.3","72133","65990","184","80","0.662","0.6","0x00","DIAG T=20.1s I (20749) signal_diag: rate=100.3 dc_ir=72133 dc_red=65990 ac_ir=184 ac_red=80 band=0.662 quality=0.60 flags=0x00"
"8","7","True","COM6","RIGHT_THUMB_FIRM_CONTACT","25.2","100.3","72010","65889","218","102","0.871","0.6","0x00","DIAG T=25.2s I (25819) signal_diag: rate=100.3 dc_ir=72010 dc_red=65889 ac_ir=218 ac_red=102 band=0.871 quality=0.60 flags=0x00"
"8","7","True","COM6","RIGHT_THUMB_FIRM_CONTACT","30.2","100.3","71937","65805","204","77","0.854","0.85","0x00","DIAG T=30.2s I (30889) signal_diag: rate=100.3 dc_ir=71937 dc_red=65805 ac_ir=204 ac_red=77 band=0.854 quality=0.85 flags=0x00"
"8","7","True","COM6","RIGHT_THUMB_FIRM_CONTACT","35.3","100.3","72105","65832","233","77","0.346","0.7","0x00","DIAG T=35.3s I (35959) signal_diag: rate=100.3 dc_ir=72105 dc_red=65832 ac_ir=233 ac_red=77 band=0.346 quality=0.70 flags=0x00"
"8","7","True","COM6","RIGHT_THUMB_FIRM_CONTACT","40.4","100.3","72122","65808","272","119","0.473","0.7","0x03","DIAG T=40.4s I (41029) signal_diag: rate=100.3 dc_ir=72122 dc_red=65808 ac_ir=272 ac_red=119 band=0.473 quality=0.70 flags=0x03"
"8","7","True","COM6","RIGHT_THUMB_FIRM_CONTACT","45.4","100.3","71876","65673","302","131","0.822","0.4","0x05","DIAG T=45.4s I (46099) signal_diag: rate=100.3 dc_ir=71876 dc_red=65673 ac_ir=302 ac_red=131 band=0.822 quality=0.40 flags=0x05"
"8","7","True","COM6","RIGHT_THUMB_FIRM_CONTACT","50.5","100.3","71854","65621","259","92","0.538","0.4","0x05","DIAG T=50.5s I (51169) signal_diag: rate=100.3 dc_ir=71854 dc_red=65621 ac_ir=259 ac_red=92 band=0.538 quality=0.40 flags=0x05"
"8","7","True","COM6","RIGHT_THUMB_FIRM_CONTACT","55.6","100.3","71849","65574","248","104","0.826","0.4","0x05","DIAG T=55.6s I (56239) signal_diag: rate=100.3 dc_ir=71849 dc_red=65574 ac_ir=248 ac_red=104 band=0.826 quality=0.40 flags=0x05"
"8","7","True","COM6","RIGHT_THUMB_FIRM_CONTACT","60.6","100.2","71820","65526","249","89","0.815","0.4","0x05","DIAG T=60.6s I (61309) signal_diag: rate=100.2 dc_ir=71820 dc_red=65526 ac_ir=249 ac_red=89 band=0.815 quality=0.40 flags=0x05"
"8","7","True","COM6","RIGHT_THUMB_FIRM_CONTACT","65.7","100.3","72002","65573","241","84","0.261","0.4","0x05","DIAG T=65.7s I (66379) signal_diag: rate=100.3 dc_ir=72002 dc_red=65573 ac_ir=241 ac_red=84 band=0.261 quality=0.40 flags=0x05"
"8","7","True","COM6","RIGHT_THUMB_FIRM_CONTACT","70.8","100.3","72082","65582","194","72","0.412","0.4","0x05","DIAG T=70.8s I (71449) signal_diag: rate=100.3 dc_ir=72082 dc_red=65582 ac_ir=194 ac_red=72 band=0.412 quality=0.40 flags=0x05"
"8","7","True","COM6","RIGHT_THUMB_FIRM_CONTACT","75.9","100.3","72065","65551","197","71","0.872","0.85","0x01","DIAG T=75.9s I (76519) signal_diag: rate=100.3 dc_ir=72065 dc_red=65551 ac_ir=197 ac_red=71 band=0.872 quality=0.85 flags=0x01"
"8","7","True","COM6","RIGHT_THUMB_FIRM_CONTACT","80.9","100.3","72105","65545","186","65","0.434","0.4","0x05","DIAG T=80.9s I (81589) signal_diag: rate=100.3 dc_ir=72105 dc_red=65545 ac_ir=186 ac_red=65 band=0.434 quality=0.40 flags=0x05"
"8","7","True","COM6","RIGHT_THUMB_FIRM_CONTACT","86","100.3","72091","65529","215","78","0.835","0.7","0x03","DIAG T=86.0s I (86659) signal_diag: rate=100.3 dc_ir=72091 dc_red=65529 ac_ir=215 ac_red=78 band=0.835 quality=0.70 flags=0x03"
"8","7","True","COM6","RIGHT_THUMB_FIRM_CONTACT","91.1","100.3","71724","65358","420","191","0.679","0.4","0x05","DIAG T=91.1s I (91739) signal_diag: rate=100.3 dc_ir=71724 dc_red=65358 ac_ir=420 ac_red=191 band=0.679 quality=0.40 flags=0x05"
"8","7","True","COM6","RIGHT_THUMB_FIRM_CONTACT","96.1","100.2","70901","64873","579","369","0.934","0.85","0x03","DIAG T=96.1s I (96809) signal_diag: rate=100.2 dc_ir=70901 dc_red=64873 ac_ir=579 ac_red=369 band=0.934 quality=0.85 flags=0x03"
"8","7","True","COM6","RIGHT_THUMB_FIRM_CONTACT","101.2","100.3","70175","64426","362","191","0.858","0.4","0x05","DIAG T=101.2s I (101879) signal_diag: rate=100.3 dc_ir=70175 dc_red=64426 ac_ir=362 ac_red=191 band=0.858 quality=0.40 flags=0x05"
"8","7","True","COM6","RIGHT_THUMB_FIRM_CONTACT","106.3","100.3","69952","64402","251","135","0.319","0.4","0x05","DIAG T=106.3s I (106959) signal_diag: rate=100.3 dc_ir=69952 dc_red=64402 ac_ir=251 ac_red=135 band=0.319 quality=0.40 flags=0x05"
"9","8","True","COM7","RIGHT_THUMB_FIRM_CONTACT","4.9","100","0","0","0","0","0","0","0x00","DIAG T=4.9s I (5579) signal_diag: rate=100.0 dc_ir=0 dc_red=0 ac_ir=0 ac_red=0 band=0.000 quality=0.00 flags=0x00"
"9","8","True","COM7","RIGHT_THUMB_FIRM_CONTACT","9.9","99.9","0","0","0","0","0","0","0x00","DIAG T=9.9s I (10579) signal_diag: rate=99.9 dc_ir=0 dc_red=0 ac_ir=0 ac_red=0 band=0.000 quality=0.00 flags=0x00"
"9","8","True","COM7","RIGHT_THUMB_FIRM_CONTACT","15","99.9","89462","79692","477","127","0.943","0.95","0x00","DIAG T=15.0s I (15629) signal_diag: rate=99.9 dc_ir=89462 dc_red=79692 ac_ir=477 ac_red=127 band=0.943 quality=0.95 flags=0x00"
"9","8","True","COM7","RIGHT_THUMB_FIRM_CONTACT","20","99.9","89687","79644","399","188","0.829","0.95","0x03","DIAG T=20.0s I (20689) signal_diag: rate=99.9 dc_ir=89687 dc_red=79644 ac_ir=399 ac_red=188 band=0.829 quality=0.95 flags=0x03"
"9","8","True","COM7","RIGHT_THUMB_FIRM_CONTACT","25.1","99.8","89041","79251","659","332","0.921","0.85","0x03","DIAG T=25.1s I (25749) signal_diag: rate=99.8 dc_ir=89041 dc_red=79251 ac_ir=659 ac_red=332 band=0.921 quality=0.85 flags=0x03"
"9","8","True","COM7","RIGHT_THUMB_FIRM_CONTACT","30.1","99.8","88803","79029","432","128","0.901","0.4","0x05","DIAG T=30.1s I (30809) signal_diag: rate=99.8 dc_ir=88803 dc_red=79029 ac_ir=432 ac_red=128 band=0.901 quality=0.40 flags=0x05"
"9","8","True","COM7","RIGHT_THUMB_FIRM_CONTACT","35.2","99.8","89057","79038","325","128","0.861","0.4","0x05","DIAG T=35.2s I (35869) signal_diag: rate=99.8 dc_ir=89057 dc_red=79038 ac_ir=325 ac_red=128 band=0.861 quality=0.40 flags=0x05"
"9","8","True","COM7","RIGHT_THUMB_FIRM_CONTACT","40.3","99.9","88988","79001","349","145","0.131","0.4","0x05","DIAG T=40.3s I (40929) signal_diag: rate=99.9 dc_ir=88988 dc_red=79001 ac_ir=349 ac_red=145 band=0.131 quality=0.40 flags=0x05"
"9","8","True","COM7","RIGHT_THUMB_FIRM_CONTACT","45.3","99.8","88931","79009","353","147","0.797","0.4","0x05","DIAG T=45.3s I (45989) signal_diag: rate=99.8 dc_ir=88931 dc_red=79009 ac_ir=353 ac_red=147 band=0.797 quality=0.40 flags=0x05"
"9","8","True","COM7","RIGHT_THUMB_FIRM_CONTACT","50.4","99.8","88447","78891","514","147","0.923","0.7","0x01","DIAG T=50.4s I (51049) signal_diag: rate=99.8 dc_ir=88447 dc_red=78891 ac_ir=514 ac_red=147 band=0.923 quality=0.70 flags=0x01"
"9","8","True","COM7","RIGHT_THUMB_FIRM_CONTACT","55.4","99.8","88275","78992","522","273","0.671","0.4","0x05","DIAG T=55.4s I (56109) signal_diag: rate=99.8 dc_ir=88275 dc_red=78992 ac_ir=522 ac_red=273 band=0.671 quality=0.40 flags=0x05"
"9","8","True","COM7","RIGHT_THUMB_FIRM_CONTACT","60.5","99.8","89064","79383","724","280","0.932","0.95","0x03","DIAG T=60.5s I (61169) signal_diag: rate=99.8 dc_ir=89064 dc_red=79383 ac_ir=724 ac_red=280 band=0.932 quality=0.95 flags=0x03"
"9","8","True","COM7","RIGHT_THUMB_FIRM_CONTACT","65.6","99.9","89747","79582","388","123","0.861","0.4","0x05","DIAG T=65.6s I (66229) signal_diag: rate=99.9 dc_ir=89747 dc_red=79582 ac_ir=388 ac_red=123 band=0.861 quality=0.40 flags=0x05"
"9","8","True","COM7","RIGHT_THUMB_FIRM_CONTACT","70.6","99.9","89992","79555","336","130","0.848","0.7","0x03","DIAG T=70.6s I (71289) signal_diag: rate=99.9 dc_ir=89992 dc_red=79555 ac_ir=336 ac_red=130 band=0.848 quality=0.70 flags=0x03"
"9","8","True","COM7","RIGHT_THUMB_FIRM_CONTACT","75.7","99.8","90017","79443","337","148","0.827","0.4","0x05","DIAG T=75.7s I (76349) signal_diag: rate=99.8 dc_ir=90017 dc_red=79443 ac_ir=337 ac_red=148 band=0.827 quality=0.40 flags=0x05"
"9","8","True","COM7","RIGHT_THUMB_FIRM_CONTACT","80.7","99.8","89972","79327","345","143","0.884","0.7","0x03","DIAG T=80.7s I (81409) signal_diag: rate=99.8 dc_ir=89972 dc_red=79327 ac_ir=345 ac_red=143 band=0.884 quality=0.70 flags=0x03"
"9","8","True","COM7","RIGHT_THUMB_FIRM_CONTACT","85.8","99.8","89953","79213","333","149","0.916","0.85","0x03","DIAG T=85.8s I (86469) signal_diag: rate=99.8 dc_ir=89953 dc_red=79213 ac_ir=333 ac_red=149 band=0.916 quality=0.85 flags=0x03"
"9","8","True","COM7","RIGHT_THUMB_FIRM_CONTACT","90.9","99.9","90041","79162","352","129","0.867","0.7","0x03","DIAG T=90.9s I (91529) signal_diag: rate=99.9 dc_ir=90041 dc_red=79162 ac_ir=352 ac_red=129 band=0.867 quality=0.70 flags=0x03"
"9","8","True","COM7","RIGHT_THUMB_FIRM_CONTACT","95.9","99.9","90118","79147","349","135","0.884","0.7","0x03","DIAG T=95.9s I (96589) signal_diag: rate=99.9 dc_ir=90118 dc_red=79147 ac_ir=349 ac_red=135 band=0.884 quality=0.70 flags=0x03"
"9","8","True","COM7","RIGHT_THUMB_FIRM_CONTACT","101","99.8","89742","78929","552","271","0.906","0.95","0x03","DIAG T=101.0s I (101649) signal_diag: rate=99.8 dc_ir=89742 dc_red=78929 ac_ir=552 ac_red=271 band=0.906 quality=0.95 flags=0x03"
"9","8","True","COM7","RIGHT_THUMB_FIRM_CONTACT","106","99.8","88568","78418","988","383","0.933","0.85","0x03","DIAG T=106.0s I (106709) signal_diag: rate=99.8 dc_ir=88568 dc_red=78418 ac_ir=988 ac_red=383 band=0.933 quality=0.85 flags=0x03"
